data,feriado,dia_util,dia_semana_seno,dia_semana_cosseno,ano_seno,ano_cosseno,tendencia_dias,lag_1,lag_7,lag_14,lag_28,media_7,media_28,desvio_7,demanda,particao
2011-01-29,0,0,-0.9749279121818236,-0.2225209339563146,0.4784338202547012,0.8781236129591848,28,1167.0,981.0,1248.0,985.0,1067.4285714285713,1231.9285714285713,533.4944101996624,1098.0,treino_final
2011-01-30,0,0,-0.7818314824680299,0.6234898018587334,0.49346814167723735,0.8697638720650646,29,1098.0,986.0,1204.0,801.0,1084.142857142857,1235.9642857142858,532.1664616049595,1096.0,treino_final
2011-01-31,0,1,0.0,1.0,0.5083564379375122,0.8611467540480452,30,1096.0,1416.0,1000.0,1349.0,1099.857142857143,1246.5,530.4065825922062,1501.0,treino_final
2011-02-01,0,1,0.7818314824680298,0.6234898018587336,0.5230943033491326,0.8522748088519838,31,1501.0,1985.0,683.0,1562.0,1112.0,1251.9285714285713,539.7412960545697,1360.0,treino_final
2011-02-02,0,1,0.9749279121818236,-0.22252093395631434,0.5376773767406141,0.8431506618282,32,1360.0,506.0,1650.0,1600.0,1022.7142857142857,1244.7142857142858,406.5085953522239,1526.0,treino_final
2011-02-03,0,1,0.43388373911755823,-0.900968867902419,0.5521013427459208,0.8337770129585915,33,1526.0,431.0,1927.0,1606.0,1168.4285714285713,1242.0714285714287,371.745816897719,1550.0,treino_final
2011-02-04,0,1,-0.433883739117558,-0.9009688679024191,0.5663619330814524,0.8241566360566663,34,1550.0,1167.0,1543.0,1510.0,1328.2857142857142,1240.0714285714287,204.97374977113085,1708.0,treino_final
2011-02-05,0,0,-0.9749279121818236,-0.2225209339563146,0.580454927809098,0.8142923779467267,35,1708.0,1098.0,981.0,959.0,1405.5714285714287,1247.142857142857,233.96713240884742,1005.0,treino_final
2011-02-06,0,0,-0.7818314824680299,0.6234898018587334,0.5943761565849831,0.804187157621448,36,1005.0,1096.0,986.0,822.0,1392.2857142857142,1248.7857142857142,255.9509811700374,1623.0,treino_final
2011-02-07,0,1,0.0,1.0,0.6081214998935418,0.7938439653781019,37,1623.0,1501.0,1416.0,1321.0,1467.5714285714287,1277.392857142857,230.51887640918366,1712.0,treino_final
2011-02-08,0,1,0.7818314824680298,0.6234898018587336,0.6216868902665479,0.7832658619336791,38,1712.0,1360.0,1985.0,1263.0,1497.7142857142858,1291.357142857143,248.6970809946072,1530.0,treino_final
2011-02-09,0,1,0.9749279121818236,-0.22252093395631434,0.6350683134867438,0.7724559775191742,39,1530.0,1526.0,506.0,1162.0,1522.0,1300.892857142857,241.194941903847,1605.0,treino_final
2011-02-10,0,1,0.43388373911755823,-0.900968867902419,0.6482618097757122,0.7614175109532997,40,1605.0,1550.0,431.0,1406.0,1533.2857142857142,1316.7142857142858,243.25275900162958,1538.0,treino_final
2011-02-11,0,1,-0.433883739117558,-0.9009688679024191,0.6612634749656386,0.7501537286959042,41,1538.0,1708.0,1167.0,1421.0,1531.5714285714287,1321.4285714285713,243.15760125404094,1746.0,treino_final
2011-02-12,0,0,-0.9749279121818236,-0.2225209339563146,0.6740694616546161,0.7386679638813748,42,1746.0,1005.0,1098.0,1248.0,1537.0,1333.0357142857142,248.12631191928597,1472.0,treino_final
2011-02-13,0,0,-0.7818314824680299,0.6234898018587334,0.6866759803451553,0.726963615332308,43,1472.0,1623.0,1096.0,1204.0,1603.7142857142858,1341.0357142857142,99.53678429892932,1589.0,treino_final
2011-02-14,0,1,0.0,1.0,0.6990793005655562,0.7150441465537444,44,1589.0,1712.0,1501.0,1000.0,1598.857142857143,1354.7857142857142,99.26803542501992,1913.0,treino_final
2011-02-15,0,1,0.7818314824680298,0.6234898018587336,0.7112757519738152,0.7029130847082615,45,1913.0,1530.0,1360.0,683.0,1627.5714285714287,1387.392857142857,152.33609458787458,1815.0,treino_final
2011-02-16,0,1,0.9749279121818236,-0.22252093395631434,0.7232617254437388,0.6905740195722294,46,1815.0,1605.0,1526.0,1650.0,1668.2857142857142,1427.8214285714287,159.8141778083897,2115.0,treino_final
2011-02-17,0,1,0.43388373911755823,-0.900968867902419,0.7350336741329412,0.6780306024735382,47,2115.0,1538.0,1550.0,1927.0,1741.142857142857,1444.4285714285713,227.90160784238236,2475.0,treino_final
2011-02-18,0,1,-0.433883739117558,-0.9009688679024191,0.746588114532413,0.6652865452111116,48,2475.0,1746.0,1708.0,1543.0,1875.0,1464.0,337.51296271402697,2927.0,treino_final
2011-02-19,0,0,-0.9749279121818236,-0.2225209339563146,0.7579216274973472,0.6523456189565257,49,2927.0,1472.0,1005.0,981.0,2043.7142857142858,1513.4285714285713,512.2339030448605,1635.0,treino_final
2011-02-20,0,0,-0.7818314824680299,0.6234898018587334,0.7690308592589181,0.6392116531380588,50,1635.0,1589.0,1623.0,986.0,2067.0,1536.7857142857142,484.8876158451566,1812.0,treino_final
2011-02-21,1,0,0.0,1.0,0.7799125224167177,0.6258885343075018,51,1812.0,1913.0,1712.0,1416.0,2098.8571428571427,1566.2857142857142,454.6304098097813,1107.0,treino_final
2011-02-22,0,1,0.7818314824680298,0.6234898018587336,0.7905633969115482,0.612380204990065,52,1107.0,1815.0,1530.0,1985.0,1983.7142857142858,1555.25,591.1239898943127,1450.0,treino_final
2011-02-23,0,1,0.9749279121818236,-0.22252093395631434,0.8009803309782905,0.5986906625177214,53,1450.0,2115.0,1605.0,506.0,1931.5714285714287,1536.142857142857,623.6879179907361,1917.0,treino_final
2011-02-24,0,1,0.43388373911755823,-0.900968867902419,0.8111602420785621,0.5848239578463322,54,1917.0,2475.0,1538.0,431.0,1903.2857142857142,1586.5357142857142,618.4504060649526,1807.0,treino_final
2011-02-25,0,1,-0.433883739117558,-0.9009688679024191,0.8211001178128892,0.5707841943569036,55,1807.0,2927.0,1746.0,1167.0,1807.857142857143,1635.6785714285713,564.734872475993,1461.0,treino_final
2011-02-26,0,0,-0.9749279121818236,-0.2225209339563146,0.8307970168121247,0.5565755266413303,56,1461.0,1635.0,1472.0,1098.0,1598.4285714285713,1646.1785714285713,281.17601672431465,1969.0,treino_final
2011-02-27,0,0,-0.7818314824680299,0.6234898018587334,0.8402480696078469,0.5422021592729844,57,1969.0,1812.0,1589.0,1096.0,1646.142857142857,1677.2857142857142,314.75092193215676,2402.0,treino_final
2011-02-28,0,1,0.0,1.0,0.8494504794814806,0.527668345562516,58,2402.0,1107.0,1913.0,1501.0,1730.4285714285713,1723.9285714285713,425.9287331400473,1446.0,treino_final
2011-03-01,0,1,0.7818314824680298,0.6234898018587336,0.8584015232918917,0.512978386299228,59,1446.0,1450.0,1815.0,1360.0,1778.857142857143,1721.9642857142858,356.910553020141,1851.0,treino_final
2011-03-02,0,1,0.9749279121818236,-0.22252093395631434,0.8670985522812081,0.4981366284784055,60,1851.0,1917.0,2115.0,1526.0,1836.142857142857,1739.5,326.1893256844502,2134.0,treino_final
2011-03-03,0,1,0.43388373911755823,-0.900968867902419,0.8755389928586302,0.4831474640149687,61,2134.0,1807.0,2475.0,1550.0,1867.142857142857,1761.2142857142858,344.92773570291945,1685.0,treino_final
2011-03-04,0,1,-0.433883739117558,-0.9009688679024191,0.8837203473619977,0.4680153284438345,62,1685.0,1461.0,2927.0,1708.0,1849.7142857142858,1766.0357142857142,351.4928706179377,1944.0,treino_final
2011-03-05,0,0,-0.9749279121818236,-0.2225209339563146,0.8916401947968874,0.45274469960737107,63,1944.0,1969.0,1635.0,1005.0,1918.7142857142858,1774.4642857142858,307.06878398045995,2077.0,treino_final
2011-03-06,0,0,-0.7818314824680299,0.6234898018587334,0.8992961915530253,0.4373400963303323,64,2077.0,2402.0,1812.0,1623.0,1934.142857142857,1812.75,312.6784442903122,605.0,treino_final
2011-03-07,0,1,0.0,1.0,0.9066860720977985,0.4218060770826634,65,605.0,1446.0,1107.0,1712.0,1677.4285714285713,1776.392857142857,528.0501419192615,1872.0,treino_final
2011-03-08,0,1,0.7818314824680298,0.6234898018587336,0.9138076496466615,0.40614723863057883,66,1872.0,1851.0,1450.0,1530.0,1738.2857142857142,1782.107142857143,521.4395824016796,2133.0,treino_final
2011-03-09,0,1,0.9749279121818236,-0.22252093395631434,0.9206588168102428,0.3903682146763026,67,2133.0,2134.0,1917.0,1605.0,1778.5714285714287,1803.642857142857,542.0838979170588,1891.0,treino_final
2011-03-10,0,1,0.43388373911755823,-0.900968867902419,0.9272375462179537,0.374473674486883,68,1891.0,1685.0,1807.0,1538.0,1743.857142857143,1813.857142857143,522.9730485635081,623.0,treino_final
2011-03-11,0,1,-0.433883739117558,-0.9009688679024191,0.9335418911179212,0.35846832151248087,69,623.0,1944.0,1461.0,1746.0,1592.142857142857,1781.1785714285713,674.875402962509,1977.0,treino_final
2011-03-12,0,0,-0.9749279121818236,-0.2225209339563146,0.9395699859530622,0.342356891994542,70,1977.0,2077.0,1969.0,1472.0,1596.857142857143,1789.4285714285713,677.8516132044011,2132.0,treino_final
2011-03-13,0,0,-0.7818314824680299,0.6234898018587334,0.945320046913132,0.3261441535642696,71,2132.0,605.0,2402.0,1589.0,1604.7142857142858,1813.0,684.6295139917435,2417.0,treino_final
2011-03-14,0,1,0.0,1.0,0.9507903724625832,0.3098349038318025,72,2417.0,1872.0,1446.0,1913.0,1863.5714285714287,1842.5714285714287,577.8748010722442,2046.0,treino_final
2011-03-15,0,1,0.7818314824680298,0.6234898018587336,0.9559793438440766,0.2934339689665273,73,2046.0,2133.0,1851.0,1815.0,1888.4285714285713,1847.3214285714287,582.0251590045622,2056.0,treino_final
2011-03-16,0,1,0.9749279121818236,-0.22252093395631434,0.9608854255574977,0.27694620226893646,74,2056.0,1891.0,2134.0,2115.0,1877.4285714285713,1855.9285714285713,577.3412789511525,2192.0,treino_final
2011-03-17,0,1,0.43388373911755823,-0.900968867902419,0.9655071658143364,0.2603764827344581,75,2192.0,623.0,1685.0,2475.0,1920.4285714285713,1858.6785714285713,589.5995412545868,2744.0,treino_final
2011-03-18,0,1,-0.433883739117558,-0.9009688679024191,0.969843196967294,0.24372971360968387,76,2744.0,1977.0,1944.0,2927.0,2223.4285714285716,1868.2857142857142,270.2010715145665,3239.0,treino_final
2011-03-19,0,0,-0.9749279121818236,-0.2225209339563146,0.9738922359149924,0.22701082094141847,77,3239.0,2132.0,2077.0,1635.0,2403.714285714286,1879.4285714285713,443.6946075420637,3117.0,treino_final
2011-03-20,0,0,-0.7818314824680299,0.6234898018587334,0.9776530844816641,0.2102247521189836,78,3117.0,2417.0,605.0,1812.0,2544.4285714285716,1932.357142857143,496.24149267027286,2471.0,treino_final
2011-03-21,0,1,0.0,1.0,0.981124629771712,0.19337647441020586,79,2471.0,2046.0,1872.0,1107.0,2552.1428571428573,1955.892857142857,494.3465142898022,2077.0,treino_final
2011-03-22,0,1,0.7818314824680298,0.6234898018587336,0.984305844499033,0.17647097349152166,80,2077.0,2056.0,2133.0,1450.0,2556.5714285714284,1990.5357142857142,489.16829317487503,2703.0,treino_final
2011-03-23,0,1,0.9749279121818236,-0.22252093395631434,0.9871957872910085,0.15951325197263655,81,2703.0,2192.0,1891.0,1917.0,2649.0,2035.2857142857142,437.1845529445601,2121.0,treino_final
2011-03-24,0,1,0.43388373911755823,-0.900968867902419,0.9897936029670716,0.14250832791617088,82,2121.0,2744.0,623.0,1807.0,2638.8571428571427,2042.5714285714287,450.1845653253167,1865.0,treino_final
2011-03-25,0,1,-0.433883739117558,-0.9009688679024191,0.992098522791769,0.12546123335273648,83,1865.0,3239.0,1977.0,1461.0,2513.285714285714,2044.642857142857,531.2594200845502,2210.0,treino_final
2011-03-26,0,0,-0.9749279121818236,-0.2225209339563146,0.9941098647022418,0.10837701279187609,84,2210.0,3117.0,2132.0,1969.0,2366.285714285714,2071.3928571428573,429.6272470742193,2496.0,treino_final
2011-03-27,0,0,-0.7818314824680299,0.6234898018587334,0.9958270335100595,0.09126072172931188,85,2496.0,2471.0,2417.0,2402.0,2277.5714285714284,2090.214285714286,290.29861473022294,1693.0,treino_final
2011-03-28,0,1,0.0,1.0,0.9972495210773451,0.07411742515094437,86,1693.0,2077.0,2046.0,1446.0,2166.4285714285716,2064.8928571428573,347.2462417088957,2028.0,treino_final
2011-03-29,0,1,0.7818314824680298,0.6234898018587336,0.998376906467142,0.056952196034039754,87,2028.0,2703.0,2056.0,1851.0,2159.4285714285716,2085.6785714285716,349.8337019894159,2425.0,treino_final
2011-03-30,0,1,0.9749279121818236,-0.22252093395631434,0.9992088560679753,0.03977011384605572,88,2425.0,2121.0,2192.0,2134.0,2119.714285714286,2106.1785714285716,288.1895870694123,1536.0,treino_final
2011-03-31,0,1,0.43388373911755823,-0.900968867902419,0.9997451236925734,0.022576263041545485,89,1536.0,1865.0,2744.0,1685.0,2036.142857142857,2084.8214285714284,362.89366145443995,1685.0,treino_final
2011-04-01,0,1,-0.433883739117558,-0.9009688679024191,0.9999855506507186,0.005375731557583884,90,1685.0,2210.0,3239.0,1944.0,2010.4285714285713,2084.8214285714284,382.8693672533133,2227.0,treino_final
2011-04-02,0,0,-0.9749279121818236,-0.2225209339563146,0.9999300657962057,-0.011826390691832589,91,2227.0,2496.0,3117.0,2077.0,2012.857142857143,2094.9285714285716,384.3971160884834,2252.0,treino_final
2011-04-03,0,0,-0.7818314824680299,0.6234898018587334,0.9995786855478958,-0.029025013321975237,92,2252.0,1693.0,2471.0,605.0,1978.0,2101.1785714285716,342.009746449815,3249.0,treino_final
2011-04-04,0,1,0.0,1.0,0.9989315138848577,-0.046215046983708354,93,3249.0,2028.0,2077.0,1872.0,2200.285714285714,2195.6071428571427,561.27287311542,3115.0,treino_final
2011-04-05,0,1,0.7818314824680298,0.6234898018587336,0.9979887423155984,-0.06339140486951038,94,3115.0,2425.0,2703.0,2133.0,2355.5714285714284,2240.0,649.1517175367811,1795.0,treino_final
2011-04-06,0,1,0.9749279121818236,-0.22252093395631434,0.9967506498213929,-0.08054900421874167,95,1795.0,1536.0,2121.0,1891.0,2265.5714285714284,2227.9285714285716,680.8215275539932,2808.0,treino_final
2011-04-07,0,1,0.43388373911755823,-0.900968867902419,0.9952176027737294,-0.09768276782171598,96,2808.0,1685.0,1865.0,623.0,2447.285714285714,2260.6785714285716,620.7416838711886,3141.0,treino_final
2011-04-08,0,1,-0.433883739117558,-0.9009688679024191,0.9933900548258936,-0.11478762552212701,97,3141.0,2227.0,2210.0,1977.0,2655.285714285714,2350.6071428571427,564.0971294277008,1471.0,treino_final
2011-04-09,0,0,-0.9749279121818236,-0.2225209339563146,0.9912685467787256,-0.13185851571739118,98,1471.0,2252.0,2496.0,2132.0,2547.285714285714,2332.535714285714,712.5879394352476,2455.0,treino_final
2011-04-10,0,0,-0.7818314824680299,0.6234898018587334,0.9888537064205885,-0.1488903868564548,99,2455.0,3249.0,1693.0,2417.0,2576.285714285714,2344.0714285714284,702.6290425456182,2895.0,treino_final
2011-04-11,0,1,0.0,1.0,0.986146248341595,-0.16587819893463143,100,2895.0,3115.0,2028.0,2046.0,2525.714285714286,2361.1428571428573,657.4264760629678,3348.0,treino_final
2011-04-12,0,1,0.7818314824680298,0.6234898018587336,0.9831469737221499,-0.1828169249850199,101,3348.0,1795.0,2425.0,2056.0,2559.0,2407.6428571428573,696.9454784988569,2034.0,treino_final
2011-04-13,0,1,0.9749279121818236,-0.22252093395631434,0.9798567700958665,-0.1997015525660636,102,2034.0,2808.0,1536.0,2192.0,2593.1428571428573,2406.8571428571427,658.0484856937293,2162.0,treino_final
2011-04-14,0,1,0.43388373911755823,-0.900968867902419,0.9762766110869321,-0.21652708524481437,103,2162.0,3141.0,1685.0,2744.0,2500.8571428571427,2405.785714285714,668.1156158858113,3267.0,treino_final
2011-04-15,1,0,-0.433883739117558,-0.9009688679024191,0.9724075561219968,-0.23328854407545518,104,3267.0,1471.0,2227.0,3239.0,2518.8571428571427,2424.464285714286,689.5886282345997,3126.0,treino_final
2011-04-16,0,0,-0.9749279121818236,-0.2225209339563146,0.9682507501166718,-0.2499809690726521,105,3126.0,2455.0,2252.0,3117.0,2755.285714285714,2420.4285714285716,537.3582648121321,795.0,treino_final
2011-04-17,0,0,-0.7818314824680299,0.6234898018587334,0.9638074231367307,-0.26659942067929354,106,795.0,2895.0,3249.0,2471.0,2518.1428571428573,2337.5,921.1781276480372,3744.0,treino_final
2011-04-18,0,1,0.0,1.0,0.9590788900341131,-0.28313898122818354,107,3744.0,3348.0,3115.0,2077.0,2639.4285714285716,2382.964285714286,1028.6842497648568,3429.0,treino_final
2011-04-19,0,1,0.7818314824680298,0.6234898018587336,0.9540665500578387,-0.2995947563972602,108,3429.0,2034.0,1795.0,2703.0,2651.0,2431.25,1038.392989190509,3204.0,treino_final
2011-04-20,0,1,0.9749279121818236,-0.22252093395631434,0.9487718864399473,-0.31596187665790293,109,3204.0,2162.0,2808.0,2121.0,2818.1428571428573,2449.1428571428573,1016.4581363032831,3944.0,treino_final
2011-04-21,0,1,0.43388373911755823,-0.900968867902419,0.9431964659565866,-0.33223549871590435,110,3944.0,3267.0,3141.0,1865.0,3072.714285714286,2514.25,1047.4180499822278,4189.0,treino_final
2011-04-22,0,1,-0.433883739117558,-0.9009688679024191,0.9373419384643772,-0.3484108069446808,111,4189.0,3126.0,1471.0,2210.0,3204.4285714285716,2597.25,1130.5908274206101,1683.0,treino_final
2011-04-23,0,0,-0.9749279121818236,-0.2225209339563146,0.9312100364121947,-0.3644830148102912,112,1683.0,795.0,2455.0,2496.0,2998.285714285714,2578.4285714285716,1270.2062449704401,4036.0,treino_final
2011-04-24,0,0,-0.7818314824680299,0.6234898018587334,0.9248025743285089,-0.38044736628785164,113,4036.0,3744.0,2895.0,1693.0,3461.285714285714,2633.4285714285716,856.5768528053428,4191.0,treino_final
2011-04-25,0,1,0.0,1.0,0.9181214482844365,-0.39629913726891813,114,4191.0,3429.0,3348.0,2028.0,3525.1428571428573,2722.6428571428573,896.8792985627874,4073.0,treino_final
2011-04-26,0,1,0.7818314824680298,0.6234898018587336,0.9111686353326631,-0.41203363695942635,115,4073.0,3204.0,2034.0,2425.0,3617.1428571428573,2795.6785714285716,918.1512999085778,4400.0,treino_final
2011-04-27,0,1,0.9749279121818236,-0.22252093395631434,0.9039461929224011,-0.42764620926777464,116,4400.0,3944.0,2162.0,1536.0,3788.0,2866.214285714286,939.4895777317961,3872.0,treino_final
2011-04-28,0,1,0.43388373911755823,-0.900968867902419,0.8964562582905575,-0.44313223418263453,117,3872.0,4189.0,3267.0,1685.0,3777.714285714286,2949.6428571428573,937.8897792892511,4058.0,treino_final
2011-04-29,0,1,-0.433883739117558,-0.9009688679024191,0.8887010478292915,-0.45848712914008766,118,4058.0,1683.0,3126.0,2227.0,3759.0,3034.3928571428573,929.5855707428635,4595.0,treino_final
2011-04-30,0,0,-0.9749279121818236,-0.2225209339563146,0.8806828564301475,-0.47370635037968,119,4595.0,4036.0,795.0,2252.0,4175.0,3118.964285714286,245.79937618581533,5312.0,treino_final
2011-05-01,0,0,-0.7818314824680299,0.6234898018587334,0.8724040568049612,-0.48878539428899265,120,5312.0,4191.0,3744.0,3249.0,4357.285714285715,3228.25,483.62441153086377,3351.0,treino_final
2011-05-02,0,1,0.0,1.0,0.8638670987837349,-0.503719798736334,121,3351.0,4073.0,3429.0,3115.0,4237.285714285715,3231.8928571428573,617.4565340399064,4401.0,treino_final
2011-05-03,0,1,0.7818314824680298,0.6234898018587336,0.8550745085896932,-0.518505144391157,122,4401.0,4400.0,3204.0,1795.0,4284.142857142857,3277.8214285714284,615.3534021388134,4451.0,treino_final
2011-05-04,0,1,0.9749279121818236,-0.22252093395631434,0.8460288880917339,-0.533137056031809,123,4451.0,3872.0,3944.0,2808.0,4291.428571428572,3372.6785714285716,617.2527459484932,2633.0,treino_final
2011-05-05,0,1,0.43388373911755823,-0.900968867902419,0.8367329140344921,-0.5476112038402312,124,2633.0,4058.0,4189.0,3141.0,4114.428571428572,3366.4285714285716,879.5043788298926,4433.0,treino_final
2011-05-06,0,1,-0.433883739117558,-0.9009688679024191,0.8271893372462497,-0.5619233046832195,125,4433.0,4595.0,1683.0,1471.0,4168.0,3412.5714285714284,886.8842464869186,4608.0,treino_final
2011-05-07,0,0,-0.9749279121818236,-0.2225209339563146,0.8174009818249189,-0.5760691233798758,126,4608.0,5312.0,4036.0,2455.0,4169.857142857143,3524.6071428571427,887.9403937523879,4714.0,treino_final
2011-05-08,0,0,-0.7818314824680299,0.6234898018587334,0.8073707443023492,-0.5900444739548627,127,4714.0,3351.0,4191.0,2895.0,4084.4285714285716,3605.285714285714,782.2130692556144,4333.0,treino_final
2011-05-09,0,1,0.0,1.0,0.7971015927871943,-0.6038452208771035,128,4333.0,4401.0,4073.0,3348.0,4224.714285714285,3656.6428571428573,713.8222734653499,4362.0,treino_final
2011-05-10,0,1,0.7818314824680298,0.6234898018587336,0.7865965660866021,-0.6174672802835514,129,4362.0,4451.0,4400.0,2034.0,4219.142857142857,3692.8571428571427,712.3677487953903,4803.0,treino_final
2011-05-11,0,1,0.9749279121818236,-0.22252093395631434,0.7758587728069828,-0.6309066211876704,130,4803.0,2633.0,3872.0,2162.0,4269.428571428572,3791.75,743.2179709755106,4182.0,treino_final
2011-05-12,0,1,0.43388373911755823,-0.900968867902419,0.7648913904341226,-0.6441592666722685,131,4182.0,4433.0,4058.0,3267.0,4490.714285714285,3863.8928571428573,224.05781566798083,4864.0,treino_final
2011-05-13,0,1,-0.433883739117558,-0.9009688679024191,0.753697664392914,-0.6572212950663319,132,4864.0,4608.0,4595.0,3126.0,4552.285714285715,3920.9285714285716,261.62486775643737,4105.0,treino_final
2011-05-14,0,0,-0.9749279121818236,-0.2225209339563146,0.742280907086982,-0.6700888411055113,133,4105.0,4714.0,5312.0,795.0,4480.428571428572,3955.8928571428573,308.6264501209965,3409.0,treino_final
2011-05-15,0,0,-0.7818314824680299,0.6234898018587334,0.7306444969184916,-0.6827580970759147,134,3409.0,4333.0,3351.0,3744.0,4294.0,4049.25,486.760721504933,4553.0,treino_final
2011-05-16,0,1,0.0,1.0,0.7187918772884232,-0.6952253139408722,135,4553.0,4362.0,4401.0,3429.0,4325.428571428572,4078.1428571428573,496.69939169913283,3958.0,treino_final
2011-05-17,0,1,0.7818314824680298,0.6234898018587336,0.7067265555776158,-0.7074868024503348,136,3958.0,4803.0,4451.0,3204.0,4267.714285714285,4097.035714285715,514.8804761902591,4123.0,treino_final
2011-05-18,0,1,0.9749279121818236,-0.22252093395631434,0.6944521021088763,-0.719538934232584,137,4123.0,4182.0,2633.0,3944.0,4170.571428571428,4129.857142857143,458.0694478434713,3855.0,treino_final
2011-05-19,0,1,0.43388373911755823,-0.900968867902419,0.6819721490904629,-0.7313781428679254,138,3855.0,4864.0,4433.0,4189.0,4123.857142857143,4126.678571428572,473.1357904349238,4575.0,treino_final
2011-05-20,0,1,-0.433883739117558,-0.9009688679024191,0.6692903895412567,-0.7430009249440493,139,4575.0,4105.0,4608.0,1683.0,4082.5714285714284,4140.464285714285,405.57196531272143,4917.0,treino_final
2011-05-21,0,0,-0.9749279121818236,-0.2225209339563146,0.6564105761979381,-0.7544038410927472,140,4917.0,3409.0,4714.0,4036.0,4198.571428571428,4255.964285714285,514.5398776715846,5805.0,treino_final
2011-05-22,0,0,-0.7818314824680299,0.6234898018587334,0.6433365204044917,-0.765583517007675,141,5805.0,4553.0,4333.0,4191.0,4540.857142857143,4319.142857142857,673.9907092760832,4660.0,treino_final
2011-05-23,0,1,0.0,1.0,0.6300720909843687,-0.7765366444428655,142,4660.0,3958.0,4362.0,4073.0,4556.142857142857,4335.892857142857,675.5236064395856,4274.0,treino_final
2011-05-24,0,1,0.7818314824680298,0.6234898018587336,0.6166212130956382,-0.7872599821916922,143,4274.0,4123.0,4803.0,4400.0,4601.285714285715,4343.071428571428,638.4300312186965,4492.0,treino_final
2011-05-25,0,1,0.9749279121818236,-0.22252093395631434,0.6029878670694714,-0.7977503570459932,144,4492.0,3855.0,4182.0,3872.0,4654.0,4346.357142857143,606.8074928124522,4978.0,treino_final
2011-05-26,0,1,0.43388373911755823,-0.900968867902419,0.5891760872322963,-0.8080046647350754,145,4978.0,4575.0,4864.0,4058.0,4814.428571428572,4385.857142857143,499.28377273278727,4677.0,treino_final
2011-05-27,0,1,-0.433883739117558,-0.9009688679024191,0.5751899607119775,-0.8180198708443175,146,4677.0,4917.0,4105.0,4595.0,4829.0,4407.964285714285,492.5748674059607,4679.0,treino_final
2011-05-28,0,0,-0.9749279121818236,-0.2225209339563146,0.5610336262283677,-0.8277930117131022,147,4679.0,5805.0,3409.0,5312.0,4795.0,4410.964285714285,493.70098912871003,4758.0,treino_final
2011-05-29,0,0,-0.7818314824680299,0.6234898018587334,0.5467112728685939,-0.8373211953118121,148,4758.0,4660.0,4553.0,3351.0,4645.428571428572,4391.178571428572,218.75089115464948,4788.0,treino_final
2011-05-30,1,0,0.0,1.0,0.5322271388474397,-0.8466016020976267,149,4788.0,4274.0,3958.0,4401.0,4663.714285714285,4442.5,225.42013684504514,4098.0,treino_final
2011-05-31,0,1,0.7818314824680298,0.6234898018587336,0.5175855102531889,-0.8556314858488706,150,4098.0,4492.0,4123.0,4451.0,4638.571428571428,4431.678571428572,279.46845805496554,3982.0,treino_final
2011-06-01,0,1,0.9749279121818236,-0.22252093395631434,0.5027907197793043,-0.8644081744776648,151,3982.0,4978.0,3855.0,2633.0,4565.714285714285,4414.928571428572,374.40206297763143,3974.0,treino_final
2011-06-02,0,1,0.43388373911755823,-0.900968867902419,0.4878471454423119,-0.8729290708206411,152,3974.0,4677.0,4575.0,4433.0,4422.285714285715,4462.821428571428,382.36226900925686,4968.0,treino_final
2011-06-03,0,1,-0.433883739117558,-0.9009688679024191,0.47275920928627757,-0.881191653407483,153,4968.0,4679.0,4917.0,4608.0,4463.857142857143,4481.928571428572,427.7913933104293,5312.0,treino_final
2011-06-04,0,0,-0.9749279121818236,-0.2225209339563146,0.4575313760742512,-0.8891934772070711,154,5312.0,4758.0,5805.0,4714.0,4554.285714285715,4507.071428571428,534.4547733549643,5342.0,treino_final
2011-06-05,0,0,-0.7818314824680299,0.6234898018587334,0.44216815196707204,-0.8969321743510065,155,5342.0,4788.0,4660.0,4333.0,4637.714285714285,4529.5,611.5722127668755,4906.0,treino_final
2011-06-06,0,1,0.0,1.0,0.42667408318992467,-0.9044054548343001,156,4906.0,4098.0,4274.0,4362.0,4654.571428571428,4549.964285714285,617.9975342838782,4548.0,treino_final
2011-06-07,0,1,0.7818314824680298,0.6234898018587336,0.4110537546870351,-0.9116111071930239,157,4548.0,3982.0,4492.0,4803.0,4718.857142857143,4556.607142857143,572.1571545684017,4833.0,treino_final
2011-06-08,0,1,0.9749279121818236,-0.22252093395631434,0.3953117887649151,-0.9185469991587165,158,4833.0,3974.0,4978.0,4182.0,4840.428571428572,4557.678571428572,470.95571523688386,4401.0,treino_final
2011-06-09,0,1,0.43388373911755823,-0.900968867902419,0.37945284372454435,-0.925211078289358,159,4401.0,4968.0,4677.0,4864.0,4901.428571428572,4565.5,352.8804599968914,3915.0,treino_final
2011-06-10,0,1,-0.433883739117558,-0.9009688679024191,0.36348161248290634,-0.9316013725767187,160,3915.0,5312.0,4679.0,4105.0,4751.0,4531.607142857143,509.4696588937689,4586.0,treino_final
2011-06-11,0,0,-0.9749279121818236,-0.2225209339563146,0.3474028211842774,-0.9377159910299093,161,4586.0,5342.0,4758.0,3409.0,4647.285714285715,4548.785714285715,446.199400225847,4966.0,treino_final
2011-06-12,0,0,-0.7818314824680299,0.6234898018587334,0.3312212278016865,-0.9435531242349544,162,4966.0,4906.0,4788.0,4553.0,4593.571428571428,4604.392857142857,363.62015764753806,4460.0,treino_final
2011-06-13,0,1,0.0,1.0,0.31494162072895193,-0.9491110448902284,163,4460.0,4548.0,4098.0,3958.0,4529.857142857143,4601.071428571428,337.9178542049503,5020.0,treino_final
2011-06-14,0,1,0.7818314824680298,0.6234898018587336,0.2985688173637202,-0.9543881083175908,164,5020.0,4833.0,3982.0,4123.0,4597.285714285715,4639.0,385.8357657025065,4891.0,treino_final
2011-06-15,0,1,0.9749279121818236,-0.22252093395631434,0.2821076626819194,-0.9593827529490743,165,4891.0,4401.0,3974.0,3855.0,4605.571428571428,4666.428571428572,392.30976584958177,5180.0,treino_final
2011-06-16,0,1,0.43388373911755823,-0.900968867902419,0.26556302780405594,-0.9640935007889755,166,5180.0,3915.0,4968.0,4575.0,4716.857142857143,4713.75,432.98746270203173,3767.0,treino_final
2011-06-17,0,1,-0.433883739117558,-0.9009688679024191,0.24893980855376657,-0.9685189578512204,167,3767.0,4586.0,5312.0,4917.0,4695.714285714285,4684.892857142857,479.75574142324973,4844.0,treino_final
2011-06-18,0,0,-0.9749279121818236,-0.2225209339563146,0.23224292400907015,-0.9726578145718654,168,4844.0,4966.0,5342.0,5805.0,4732.571428571428,4682.285714285715,479.8325600814164,5119.0,treino_final
2011-06-19,0,0,-0.7818314824680299,0.6234898018587334,0.21547731504673012,-0.976508846196619,169,5119.0,4460.0,4906.0,4660.0,4754.428571428572,4657.785714285715,495.46774437321943,4744.0,treino_final
2011-06-20,0,1,0.0,1.0,0.19864794288017112,-0.9800709131432666,170,4744.0,5020.0,4548.0,4274.0,4795.0,4660.785714285715,478.6836115849381,4010.0,treino_final
2011-06-21,0,1,0.7818314824680298,0.6234898018587336,0.18175978759137534,-0.9833429613388902,171,4010.0,4891.0,4833.0,4492.0,4650.714285714285,4651.357142857143,546.9155066631157,4835.0,treino_final
2011-06-22,0,1,0.9749279121818236,-0.22252093395631434,0.16481784665719793,-0.9863240225317866,172,4835.0,5180.0,4401.0,4978.0,4642.714285714285,4663.607142857143,543.2119642416203,4507.0,treino_final
2011-06-23,0,1,0.43388373911755823,-0.900968867902419,0.14782713347053048,-0.9890132145779883,173,4507.0,3767.0,3915.0,4677.0,4546.571428571428,4646.785714285715,489.1342205512592,4790.0,treino_final
2011-06-24,0,1,-0.433883739117558,-0.9009688679024191,0.13079267585675922,-0.9914097417023038,174,4790.0,4844.0,4586.0,4679.0,4692.714285714285,4650.821428571428,350.6031537630146,4991.0,treino_final
2011-06-25,0,0,-0.9749279121818236,-0.2225209339563146,0.11371951458594969,-0.9935128947338007,175,4991.0,5119.0,4966.0,4758.0,4713.714285714285,4661.964285714285,365.27054552560327,5202.0,treino_final
2011-06-26,0,0,-0.7818314824680299,0.6234898018587334,0.0966127018812031,-0.9953220513156602,176,5202.0,4744.0,4460.0,4788.0,4725.571428571428,4677.821428571428,381.60138763848755,5305.0,treino_final
2011-06-27,0,1,0.0,1.0,0.07947729992362097,-0.9968366760893436,177,5305.0,4010.0,5020.0,4098.0,4805.714285714285,4696.285714285715,440.4837167954157,4708.0,treino_final
2011-06-28,0,1,0.7818314824680298,0.6234898018587336,0.062318379354325076,-0.998056320853012,178,4708.0,4835.0,4891.0,3982.0,4905.428571428572,4718.071428571428,280.1611780998284,4648.0,treino_final
2011-06-29,0,1,0.9749279121818236,-0.22252093395631434,0.04514101777397193,-0.9989806246941579,179,4648.0,4507.0,5180.0,3974.0,4878.714285714285,4741.857142857143,296.43870321181606,5225.0,treino_final
2011-06-30,0,1,0.43388373911755823,-0.900968867902419,0.02795029824021032,-0.999609314096404,180,5225.0,4790.0,3767.0,4968.0,4981.285714285715,4786.535714285715,269.3669828107529,5515.0,treino_final
2011-07-01,0,1,-0.433883739117558,-0.9009688679024191,0.01075130776352193,-0.9999422030204416,181,5515.0,4991.0,4844.0,5312.0,5084.857142857143,4806.071428571428,318.46581636099006,5362.0,treino_final
2011-07-02,0,0,-0.9749279121818236,-0.2225209339563146,-0.00645086419810515,-0.9999791929590823,182,5362.0,5202.0,5119.0,5342.0,5137.857142857143,4807.857142857143,330.8722958944601,5119.0,treino_final
2011-07-03,0,0,-0.7818314824680299,0.6234898018587334,-0.023651127245231586,-0.9997202729664083,183,5119.0,5305.0,4744.0,4906.0,5126.0,4799.892857142857,329.6755981263932,4649.0,treino_final
2011-07-04,1,0,0.0,1.0,-0.04084439154329611,-0.9991655196610109,184,4649.0,4708.0,4010.0,4548.0,5032.285714285715,4790.714285714285,361.968559539685,6043.0,treino_final
2011-07-05,0,1,0.7818314824680298,0.6234898018587336,-0.05802556932878035,-0.9983150972033183,185,6043.0,4648.0,4835.0,4833.0,5223.0,4844.107142857143,491.2409456332608,4665.0,treino_final
2011-07-06,0,1,0.9749279121818236,-0.22252093395631434,-0.07518957641475855,-0.9971692572470178,186,4665.0,5225.0,4507.0,4401.0,5225.428571428572,4838.107142857143,487.9555502785194,4629.0,treino_final
2011-07-07,0,1,0.43388373911755823,-0.900968867902419,-0.09233133369539122,-0.9957283388645872,187,4629.0,5515.0,4790.0,3915.0,5140.285714285715,4846.25,537.522934172952,4592.0,treino_final
2011-07-08,0,1,-0.433883739117558,-0.9009688679024191,-0.10944576864891556,-0.993992768446958,188,4592.0,5362.0,4991.0,4586.0,5008.428571428572,4870.428571428572,543.459246292626,4040.0,treino_final
2011-07-09,0,0,-0.9749279121818236,-0.2225209339563146,-0.12652781683868314,-0.9919630595773397,189,4040.0,5119.0,5202.0,4966.0,4819.571428571428,4850.928571428572,623.8669348354275,5336.0,treino_final
2011-07-10,0,0,-0.7818314824680299,0.6234898018587334,-0.1435724234118113,-0.9896398128792412,190,5336.0,4649.0,5305.0,4460.0,4850.571428571428,4864.142857142857,646.2163871704414,4881.0,treino_final
2011-07-11,0,1,0.0,1.0,-0.16057454459499376,-0.9870237158387383,191,4881.0,6043.0,4708.0,5020.0,4883.714285714285,4879.178571428572,640.0754419820914,4086.0,treino_final
2011-07-12,0,1,0.7818314824680298,0.6234898018587336,-0.17752914918703497,-0.984115542601034,192,4086.0,4665.0,4648.0,4891.0,4604.142857142857,4845.821428571428,447.85839598822434,4258.0,treino_final
2011-07-13,0,1,0.9749279121818236,-0.22252093395631434,-0.19443122004766195,-0.9809161537413774,193,4258.0,4629.0,5225.0,5180.0,4546.0,4823.214285714285,464.74186383411075,4342.0,treino_final
2011-07-14,0,1,0.43388373911755823,-0.900968867902419,-0.2112757555821793,-0.9774264960104055,194,4342.0,4592.0,5515.0,3767.0,4505.0,4793.285714285715,468.84076898950497,5084.0,treino_final
2011-07-15,0,1,-0.433883739117558,-0.9009688679024191,-0.2280577712215198,-0.9736476020539838,195,5084.0,4040.0,5362.0,4844.0,4575.285714285715,4840.321428571428,518.3244525345499,5538.0,treino_final
2011-07-16,0,0,-0.9749279121818236,-0.2225209339563146,-0.24477230089725957,-0.9695805901076308,196,5538.0,5336.0,5119.0,5119.0,4789.285714285715,4865.107142857143,567.4030649328904,5923.0,treino_final
2011-07-17,0,0,-0.7818314824680299,0.6234898018587334,-0.2614143985111562,-0.965226663665613,197,5923.0,4881.0,4649.0,4744.0,4873.142857142857,4893.821428571428,691.4796763876299,5302.0,treino_final
2011-07-18,0,1,0.0,1.0,-0.2779791393987801,-0.9605871111248129,198,5302.0,4086.0,6043.0,4010.0,4933.285714285715,4913.75,710.3287300693266,4458.0,treino_final
2011-07-19,0,1,0.7818314824680298,0.6234898018587336,-0.2944616217868012,-0.9556633054034704,199,4458.0,4258.0,4665.0,4835.0,4986.428571428572,4929.75,647.5126400678337,4541.0,treino_final
2011-07-20,0,1,0.9749279121818236,-0.22252093395631434,-0.3108569682435036,-0.9504567035349151,200,4541.0,4342.0,4629.0,4507.0,5026.857142857143,4919.25,601.6633689396471,4332.0,treino_final
2011-07-21,0,1,0.43388373911755823,-0.900968867902419,-0.3271603271220951,-0.9449688462364056,201,4332.0,5084.0,4592.0,4790.0,5025.428571428572,4913.0,603.5693434734311,3784.0,treino_final
2011-07-22,0,1,-0.433883739117558,-0.9009688679024191,-0.34336687399638804,-0.939201357453208,202,3784.0,5538.0,4040.0,4991.0,4839.714285714285,4877.071428571428,761.8028428855923,3387.0,treino_final
2011-07-23,0,0,-0.9749279121818236,-0.2225209339563146,-0.3594718130884232,-0.9331559438780432,203,3387.0,5923.0,5336.0,5202.0,4532.428571428572,4819.785714285715,860.6069286929369,3285.0,treino_final
2011-07-24,0,0,-0.7818314824680299,0.6234898018587334,-0.3754703786876202,-0.9268343944460494,204,3285.0,5302.0,4881.0,5305.0,4155.571428571428,4751.321428571428,715.554064377828,3606.0,treino_final
2011-07-25,0,1,0.0,1.0,-0.3913578365610259,-0.9202385798054075,205,3606.0,4458.0,4086.0,4708.0,3913.285714285714,4690.642857142857,524.2326818903207,3840.0,treino_final
2011-07-26,0,1,0.7818314824680298,0.6234898018587336,-0.4071294853542516,-0.9133704517637858,206,3840.0,4541.0,4258.0,4648.0,3825.0,4659.642857142857,466.01430593206896,4590.0,treino_final
2011-07-27,0,1,0.9749279121818236,-0.22252093395631434,-0.4227806579826773,-0.9062320427107697,207,4590.0,4332.0,4342.0,5225.0,3832.0,4657.571428571428,478.7556788175097,4656.0,treino_final
2011-07-28,0,1,0.43388373911755823,-0.900968867902419,-0.4383067230125192,-0.898825465016444,208,4656.0,3784.0,5084.0,5515.0,3878.285714285714,4637.25,546.0801877275766,4390.0,treino_final
2011-07-29,0,1,-0.433883739117558,-0.9009688679024191,-0.45370308603134424,-0.8911529104063088,209,4390.0,3387.0,5538.0,5362.0,3964.8571428571427,4597.071428571428,575.8646914485688,3846.0,treino_final
2011-07-30,0,0,-0.9749279121818236,-0.2225209339563146,-0.46896519100763184,-0.8832166493127127,210,3846.0,3285.0,5923.0,5119.0,4030.4285714285716,4542.928571428572,522.7860802606524,4475.0,treino_final
2011-07-31,0,0,-0.7818314824680299,0.6234898018587334,-0.48408852163897587,-0.8750190302029955,211,4475.0,3606.0,5302.0,4649.0,4200.428571428572,4519.928571428572,424.1681494969045,4302.0,treino_final
2011-08-01,0,1,0.0,1.0,-0.4990686026885319,-0.8665624788845385,212,4302.0,3840.0,4458.0,6043.0,4299.857142857143,4507.535714285715,333.4868456033674,4266.0,treino_final
2011-08-02,0,1,0.7818314824680298,0.6234898018587336,-0.5139010013093103,-0.8578494977869301,213,4266.0,4590.0,4541.0,4665.0,4360.714285714285,4444.071428571428,268.02780594914395,4845.0,treino_final
2011-08-03,0,1,0.9749279121818236,-0.22252093395631434,-0.5285813283559292,-0.8488826652214553,214,4845.0,4656.0,4332.0,4629.0,4397.142857142857,4450.5,317.20257910439983,3574.0,treino_final
2011-08-04,0,1,0.43388373911755823,-0.900968867902419,-0.5431052396834317,-0.8396646346181327,215,3574.0,4390.0,3784.0,4592.0,4242.571428571428,4412.821428571428,417.73510631454894,4576.0,treino_final
2011-08-05,0,1,-0.433883739117558,-0.9009688679024191,-0.5574684374327892,-0.8301981337405212,216,4576.0,3846.0,3387.0,4040.0,4269.142857142857,4412.25,434.26429301807025,4866.0,treino_final
2011-08-06,0,0,-0.9749279121818236,-0.2225209339563146,-0.5716666713027052,-0.8204859638785327,217,4866.0,4475.0,3285.0,5336.0,4414.857142857143,4441.75,439.71067327332753,4294.0,treino_final
2011-08-07,0,0,-0.7818314824680299,0.6234898018587334,-0.5856957398073508,-0.8105309990194823,218,4294.0,4302.0,3606.0,4881.0,4389.0,4404.535714285715,440.9047516187674,3785.0,treino_final
2011-08-08,0,1,0.0,1.0,-0.5995514915196489,-0.8003361849976323,219,3785.0,4266.0,3840.0,4086.0,4315.142857142857,4365.392857142857,497.5682293486498,4326.0,treino_final
2011-08-09,0,1,0.7818314824680298,0.6234898018587336,-0.6132298262997502,-0.7899045386224707,220,4326.0,4845.0,4590.0,4258.0,4323.714285714285,4373.964285714285,497.09714486061887,4602.0,treino_final
2011-08-10,0,1,0.9749279121818236,-0.22252093395631434,-0.6267266965083301,-0.7792391467859886,221,4602.0,3574.0,4656.0,4342.0,4289.0,4386.25,461.8625336612703,4780.0,treino_final
2011-08-11,0,1,0.43388373911755823,-0.900968867902419,-0.6400381082043503,-0.7683431655492202,222,4780.0,4576.0,4390.0,5084.0,4461.285714285715,4401.892857142857,365.6002891527545,4792.0,treino_final
2011-08-12,0,1,-0.433883739117558,-0.9009688679024191,-0.65316012232693,-0.7572198192083127,223,4792.0,4866.0,3846.0,5538.0,4492.142857142857,4391.464285714285,385.47132559653363,4905.0,treino_final
2011-08-13,0,0,-0.9749279121818236,-0.2225209339563146,-0.666088855860977,-0.7458723993404063,224,4905.0,4294.0,4475.0,5923.0,4497.714285714285,4368.857142857143,392.0020043680611,4150.0,treino_final
2011-08-14,0,0,-0.7818314824680299,0.6234898018587334,-0.6788204829862355,-0.734304263829602,225,4150.0,3785.0,4302.0,5302.0,4477.142857142857,4305.535714285715,407.9290904767016,3820.0,treino_final
2011-08-15,0,1,0.0,1.0,-0.6913512362094071,-0.722518835873311,226,3820.0,4326.0,4266.0,4458.0,4482.142857142857,4252.607142857143,398.1282994929511,4338.0,treino_final
2011-08-16,0,1,0.7818314824680298,0.6234898018587336,-0.7036774074790128,-0.7105196029692745,227,4338.0,4602.0,4845.0,4541.0,4483.857142857143,4248.321428571428,397.36902604147315,4725.0,treino_final
2011-08-17,0,1,0.9749279121818236,-0.22252093395631434,-0.7157953492826642,-0.6983101158835584,228,4725.0,4780.0,3574.0,4332.0,4501.428571428572,4254.892857142857,406.08778079904306,4694.0,treino_final
2011-08-18,0,1,0.43388373911755823,-0.900968867902419,-0.7277014757264236,-0.6858939875998223,229,4694.0,4792.0,4576.0,3784.0,4489.142857142857,4267.821428571428,397.46464353090437,3805.0,treino_final
2011-08-19,0,1,-0.433883739117558,-0.9009688679024191,-0.7393922635959241,-0.673274892250183,230,3805.0,4905.0,4866.0,3387.0,4348.142857142857,4268.571428571428,444.4155069944683,4153.0,treino_final
2011-08-20,0,0,-0.9749279121818236,-0.2225209339563146,-0.7508642533989489,-0.6604565640279754,231,4153.0,4150.0,4294.0,3285.0,4240.714285714285,4295.928571428572,372.43241636827645,5191.0,treino_final
2011-08-21,0,0,-0.7818314824680299,0.6234898018587334,-0.7621140503891487,-0.6474427960827475,232,5191.0,3820.0,3785.0,3606.0,4389.428571428572,4364.0,511.89805532706015,3873.0,treino_final
2011-08-22,0,1,0.0,1.0,-0.7731383255706026,-0.6342374393978054,233,3873.0,4338.0,4326.0,3840.0,4397.0,4373.535714285715,502.3753576759182,4758.0,treino_final
2011-08-23,0,1,0.7818314824680298,0.6234898018587336,-0.7839338166829201,-0.620844401650647,234,4758.0,4725.0,4602.0,4590.0,4457.0,4406.321428571428,518.9614629237956,5895.0,treino_final
2011-08-24,0,1,0.9749279121818236,-0.22252093395631434,-0.7944973291665992,-0.6072676460566135,235,5895.0,4694.0,4780.0,4656.0,4624.142857142857,4452.928571428572,754.5847486247965,5130.0,treino_final
2011-08-25,0,1,0.43388373911755823,-0.900968867902419,-0.8048257371083452,-0.593511190196115,236,5130.0,3805.0,4792.0,4390.0,4686.428571428572,4469.857142857143,778.9141709548553,3542.0,treino_final
2011-08-26,0,1,-0.433883739117558,-0.9009688679024191,-0.8149159841660791,-0.5795791048257612,237,3542.0,4153.0,4905.0,3846.0,4648.857142857143,4439.571428571428,832.9828786898806,4661.0,treino_final
2011-08-27,0,0,-0.9749279121818236,-0.2225209339563146,-0.8247650844733614,-0.5654755126737576,238,4661.0,5191.0,4150.0,4475.0,4721.428571428572,4468.678571428572,804.2149084962442,1115.0,treino_final
2011-08-28,0,0,-0.7818314824680299,0.6234898018587334,-0.8343701235229537,-0.5512045872199277,239,1115.0,3873.0,3820.0,4302.0,4139.142857142857,4348.678571428572,1543.4270772722477,4334.0,treino_final
2011-08-29,0,1,0.0,1.0,-0.8437282590292712,-0.5367705514607103,240,4334.0,4758.0,4338.0,4266.0,4205.0,4349.821428571428,1540.0097402289407,4634.0,treino_final
2011-08-30,0,1,0.7818314824680298,0.6234898018587336,-0.8528367217694595,-0.522177676659508,241,4634.0,5895.0,4725.0,4845.0,4187.285714285715,4362.964285714285,1533.287069695446,5204.0,treino_final
2011-08-31,0,1,0.9749279121818236,-0.22252093395631434,-0.8616928164028521,-0.5074302810827518,242,5204.0,5130.0,4694.0,3574.0,4088.5714285714284,4375.785714285715,1423.3191088839833,5058.0,treino_final
2011-09-01,0,1,0.43388373911755823,-0.900968867902419,-0.8702939222685674,-0.49253272872205434,243,5058.0,3542.0,3805.0,4576.0,4078.285714285714,4428.785714285715,1414.7733286391083,5115.0,treino_final
2011-09-02,0,1,-0.433883739117558,-0.9009688679024191,-0.8786374941610001,-0.4774894280028391,244,5115.0,4661.0,4153.0,4866.0,4303.0,4448.035714285715,1440.092589615916,4727.0,treino_final
2011-09-03,0,0,-0.9749279121818236,-0.2225209339563146,-0.886721063082993,-0.46230483047981086,245,4727.0,1115.0,5191.0,4294.0,4312.428571428572,4443.071428571428,1443.0401769808632,4484.0,treino_final
2011-09-04,0,0,-0.7818314824680299,0.6234898018587334,-0.8945422369764496,-0.4469834295196741,246,4484.0,4334.0,3873.0,3785.0,4793.714285714285,4449.857142857143,336.3097353560279,4940.0,treino_final
2011-09-05,1,0,0.0,1.0,-0.9020987014301837,-0.43152975897147144,247,4940.0,4634.0,4758.0,4326.0,4880.285714285715,4491.107142857143,269.6372342523203,3351.0,treino_final
2011-09-06,0,1,0.7818314824680298,0.6234898018587336,-0.9093882203647925,-0.4159483918249421,248,3351.0,5204.0,5895.0,4602.0,4697.0,4456.285714285715,642.7970130608917,2710.0,treino_final
2011-09-07,0,1,0.9749279121818236,-0.22252093395631434,-0.9164086366943458,-0.4002439388573056,249,2710.0,5058.0,5130.0,4780.0,4340.714285714285,4388.714285714285,938.2316192862927,1996.0,treino_final
2011-09-08,0,1,0.43388373911755823,-0.900968867902419,-0.9231578729647039,-0.38442104726885545,250,1996.0,5115.0,3542.0,4792.0,3903.285714285714,4289.285714285715,1219.6619359868741,1842.0,treino_final
2011-09-09,0,1,-0.433883739117558,-0.9009688679024191,-0.9296339319682695,-0.3684843993077793,251,1842.0,4727.0,4661.0,4905.0,3435.714285714286,4183.928571428572,1302.2888458768487,3544.0,treino_final
2011-09-10,0,0,-0.9749279121818236,-0.2225209339563146,-0.9358348973349941,-0.35243871088460327,252,3544.0,4484.0,1115.0,4150.0,3266.714285714286,4135.321428571428,1177.5764255857264,5345.0,treino_final
2011-09-11,0,0,-0.7818314824680299,0.6234898018587334,-0.9417589340994617,-0.33628873017668287,253,5345.0,4940.0,4334.0,3820.0,3389.714285714286,4178.0,1357.1846735412446,5046.0,treino_final
2011-09-12,0,1,0.0,1.0,-0.9474042892438845,-0.32003923622313857,254,5046.0,3351.0,4634.0,4338.0,3404.8571428571427,4221.785714285715,1377.7997470086716,4713.0,treino_final
2011-09-13,0,1,0.7818314824680298,0.6234898018587336,-0.9527692922168511,-0.30369503751065885,255,4713.0,2710.0,5204.0,4725.0,3599.4285714285716,4235.178571428572,1462.4935164691499,4763.0,treino_final
2011-09-14,0,1,0.9749279121818236,-0.22252093395631434,-0.9578523554276669,-0.28726097055059635,256,4763.0,1996.0,5058.0,4694.0,3892.714285714286,4236.535714285715,1460.2524569728514,4785.0,treino_final
2011-09-15,0,1,0.43388373911755823,-0.900968867902419,-0.9626519747161487,-0.2707418984477642,257,4785.0,1842.0,5115.0,3805.0,4291.142857142857,4239.785714285715,1216.6521590785442,3659.0,treino_final
2011-09-16,0,1,-0.433883739117558,-0.9009688679024191,-0.9671667297977312,-0.2541427094613622,258,3659.0,3544.0,4727.0,4153.0,4550.714285714285,4234.571428571428,684.484894960127,4760.0,treino_final
2011-09-17,0,0,-0.9749279121818236,-0.2225209339563146,-0.97139528468375,-0.23746831555846842,259,4760.0,5345.0,4484.0,5191.0,4724.428571428572,4256.25,521.2497344980511,4511.0,treino_final
2011-09-18,0,0,-0.7818314824680299,0.6234898018587334,-0.9753363880767837,-0.2207236509605022,260,4511.0,5046.0,4940.0,3873.0,4605.285714285715,4231.964285714285,445.58677205295885,4274.0,treino_final
2011-09-19,0,1,0.0,1.0,-0.9789888737409319,-0.20391367068311472,261,4274.0,4713.0,3351.0,4758.0,4495.0,4246.285714285715,412.64714547258376,4539.0,treino_final
2011-09-20,0,1,0.7818314824680298,0.6234898018587336,-0.9823516608469237,-0.18704334906991657,262,4539.0,4763.0,2710.0,5895.0,4470.142857142857,4238.464285714285,402.44106341651417,3641.0,treino_final
2011-09-21,0,1,0.9749279121818236,-0.22252093395631434,-0.9854237542919524,-0.17011767832049052,263,3641.0,4785.0,1996.0,5130.0,4309.857142857143,4157.964285714285,481.94481999894566,4352.0,treino_final
2011-09-22,0,1,0.43388373911755823,-0.900968867902419,-0.9882042449941422,-0.15314166701312007,264,4352.0,3659.0,1842.0,3542.0,4248.0,4130.178571428572,436.4355622540482,4795.0,treino_final
2011-09-23,0,1,-0.433883739117558,-0.9009688679024191,-0.9906923101615609,-0.13612033862266704,265,4795.0,4760.0,3544.0,4661.0,4410.285714285715,4174.928571428572,389.6125059105654,2395.0,treino_final
2011-09-24,0,0,-0.9749279121818236,-0.2225209339563146,-0.9928872135356962,-0.11905873003404988,266,2395.0,4511.0,5345.0,1115.0,4072.4285714285716,4094.0,821.6681927929471,5423.0,treino_final
2011-09-25,0,0,-0.7818314824680299,0.6234898018587334,-0.994788305609327,-0.10196189005174576,267,5423.0,4274.0,5046.0,4334.0,4202.714285714285,4247.857142857143,962.956335854286,5010.0,treino_final
2011-09-26,0,1,0.0,1.0,-0.9963950238187231,-0.08483487790576538,268,5010.0,4539.0,4713.0,4634.0,4307.857142857143,4272.0,1011.0186988991926,4630.0,treino_final
2011-09-27,0,1,0.7818314824680298,0.6234898018587336,-0.9977068927101168,-0.06768276175455162,269,4630.0,3641.0,4763.0,5204.0,4320.857142857143,4271.857142857143,1015.0631225973829,4120.0,treino_final
2011-09-28,0,1,0.9749279121818236,-0.22252093395631434,-0.9987235240803972,-0.050510617185222886,270,4120.0,4352.0,4785.0,5058.0,4389.285714285715,4233.142857142857,977.026051219675,3907.0,treino_final
2011-09-29,0,1,0.43388373911755823,-0.900968867902419,-0.9994446170919858,-0.033323525711631344,271,3907.0,4795.0,3659.0,5115.0,4325.714285714285,4192.035714285715,994.1830338332633,4839.0,treino_final
2011-09-30,0,1,-0.433883739117558,-0.9009688679024191,-0.9998699583618592,-0.016126573270657762,272,4839.0,2395.0,4760.0,4727.0,4332.0,4182.178571428572,997.7771962383887,5202.0,treino_final
2011-10-01,0,0,-0.9749279121818236,-0.2225209339563146,-0.9999994220246925,0.001075151282798226,273,5202.0,5423.0,4511.0,4484.0,4733.0,4199.142857142857,555.6797638928408,2429.0,treino_final
2011-10-02,0,0,-0.7818314824680299,0.6234898018587334,-0.999832969770105,0.018276557681691223,274,2429.0,5010.0,4274.0,4940.0,4305.285714285715,4125.75,949.0714258835204,2918.0,treino_final
2011-10-03,0,1,0.0,1.0,-0.9993706508539969,0.03547255575312556,275,2918.0,4630.0,4539.0,3351.0,4006.4285714285716,4053.535714285714,1017.1159975051825,3570.0,treino_final
2011-10-04,0,1,0.7818314824680298,0.6234898018587336,-0.9986126020839734,0.052658056924614005,276,3570.0,4120.0,3641.0,2710.0,3855.0,4061.3571428571427,987.2743624072682,4456.0,treino_final
2011-10-05,0,1,0.9749279121818236,-0.22252093395631434,-0.9975590477788613,0.06982797572987089,277,4456.0,3907.0,4352.0,1996.0,3903.0,4123.714285714285,1010.207239464595,4826.0,treino_final
2011-10-06,0,1,0.43388373911755823,-0.900968867902419,-0.9962102997023297,0.0869772313136861,278,4826.0,4839.0,4795.0,1842.0,4034.285714285714,4224.785714285715,1068.8290655799835,4765.0,treino_final
2011-10-07,0,1,-0.433883739117558,-0.9009688679024191,-0.9945667569706337,0.1041007489354256,279,4765.0,5202.0,2395.0,3544.0,4023.714285714286,4329.178571428572,1059.8718026701379,4985.0,treino_final
2011-10-08,0,0,-0.9749279121818236,-0.2225209339563146,-0.9926289059345095,0.121193461470736,280,4985.0,2429.0,5423.0,5345.0,3992.714285714286,4380.642857142857,1022.1672587017814,5409.0,treino_final
2011-10-09,0,0,-0.7818314824680299,0.6234898018587334,-0.9903973200352558,0.1382503109109819,281,5409.0,2918.0,5010.0,5046.0,4418.428571428572,4382.928571428572,871.8743902540996,5511.0,treino_final
2011-10-10,1,0,0.0,1.0,-0.9878726596350429,0.15526624985999563,282,5511.0,3570.0,4630.0,4713.0,4788.857142857143,4399.535714285715,651.0113743428842,5117.0,treino_final
2011-10-11,0,1,0.7818314824680298,0.6234898018587336,-0.9850556718215013,0.172236243027682,283,5117.0,4456.0,4120.0,4763.0,5009.857142857143,4413.964285714285,370.376577990305,4563.0,treino_final
2011-10-12,0,1,0.9749279121818236,-0.22252093395631434,-0.981947190186646,0.18915526872004093,284,4563.0,4826.0,3907.0,4785.0,5025.142857142857,4406.821428571428,345.05092791809983,2416.0,treino_final
2011-10-13,0,1,0.43388373911755823,-0.900968867902419,-0.9785481345802031,0.20601832032517084,285,2416.0,4765.0,4839.0,3659.0,4680.857142857143,4322.214285714285,1052.97996634495,2913.0,treino_final
2011-10-14,0,1,-0.433883739117558,-0.9009688679024191,-0.9748595108374125,0.22282040779479959,286,2913.0,4985.0,5202.0,4760.0,4416.285714285715,4295.571428571428,1243.7077248139576,3644.0,treino_final
2011-10-15,0,0,-0.9749279121818236,-0.2225209339563146,-0.9708824104813836,0.23955655912092708,287,3644.0,5409.0,2429.0,4511.0,4224.714285714285,4255.714285714285,1244.7854854399263,5217.0,treino_final
2011-10-16,0,0,-0.7818314824680299,0.6234898018587334,-0.9666180104000972,0.2562218218071163,288,5217.0,5511.0,2918.0,4274.0,4197.285714285715,4280.928571428572,1216.126187844795,5041.0,treino_final
2011-10-17,0,1,0.0,1.0,-0.9620675724981452,0.27281126433401914,289,5041.0,5117.0,3570.0,4539.0,4130.142857142857,4308.321428571428,1142.236757210964,4570.0,treino_final
2011-10-18,0,1,0.7818314824680298,0.6234898018587336,-0.957232443323312,0.28931997761869527,290,4570.0,4563.0,4456.0,3641.0,4052.0,4309.428571428572,1080.514692172212,4748.0,treino_final
2011-10-19,0,1,0.9749279121818236,-0.22252093395631434,-0.9521140536681102,0.3057430764672831,291,4748.0,2416.0,4826.0,4352.0,4078.4285714285716,4348.964285714285,1097.229671664489,2424.0,treino_final
2011-10-20,0,1,0.43388373911755823,-0.900968867902419,-0.9467139181463862,0.3220757010206104,292,2424.0,2913.0,4765.0,4795.0,4079.5714285714284,4280.107142857143,1095.2118299128083,4195.0,treino_final
2011-10-21,0,1,-0.433883739117558,-0.9009688679024191,-0.9410336347451197,0.3383130181923076,293,4195.0,3644.0,4985.0,2395.0,4262.714285714285,4258.678571428572,967.3485608069334,4304.0,treino_final
2011-10-22,0,0,-0.9749279121818236,-0.2225209339563146,-0.9350748843515574,0.3544502230989869,294,4304.0,5217.0,5409.0,5423.0,4357.0,4326.857142857143,928.3720518556516,4308.0,treino_final
2011-10-23,0,0,-0.7818314824680299,0.6234898018587334,-0.9288394302558068,0.3704825404820963,295,4308.0,5041.0,5511.0,5010.0,4227.142857142857,4287.035714285715,848.136079602688,4381.0,treino_final
2011-10-24,0,1,0.0,1.0,-0.9223291176290545,0.3864052261209853,296,4381.0,4570.0,5117.0,4630.0,4132.857142857143,4264.571428571428,776.218274407282,4187.0,treino_final
2011-10-25,0,1,0.7818314824680298,0.6234898018587336,-0.9155458729775467,0.40221356823680365,297,4187.0,4748.0,4563.0,4120.0,4078.1428571428573,4248.75,753.433347764631,4687.0,treino_final
2011-10-26,0,1,0.9749279121818236,-0.22252093395631434,-0.9084917035725082,0.41790288888678667,298,4687.0,2424.0,2416.0,3907.0,4069.4285714285716,4269.0,744.6965505365002,3894.0,treino_final
2011-10-27,0,1,0.43388373911755823,-0.900968867902419,-0.9011686968561569,0.4334685453485363,299,3894.0,4195.0,2913.0,4839.0,4279.428571428572,4268.535714285715,238.7738519623939,2659.0,treino_final
2011-10-28,0,1,-0.433883739117558,-0.9009688679024191,-0.8935790198239952,0.4489059314938798,300,2659.0,4304.0,3644.0,5202.0,4060.0,4190.678571428572,661.2735188004103,3747.0,treino_final
2011-10-29,0,0,-0.9749279121818236,-0.2225209339563146,-0.8857249183835637,0.4642104791518923,301,3747.0,4308.0,5217.0,2429.0,3980.4285714285716,4138.714285714285,660.5310633984574,627.0,treino_final
2011-10-30,0,0,-0.7818314824680299,0.6234898018587334,-0.8776087166898392,0.4793776594606945,302,627.0,4381.0,5041.0,2918.0,3454.5714285714284,4074.3571428571427,1403.5851544221694,3331.0,treino_final
2011-10-31,0,1,0.0,1.0,-0.8692328164574792,0.49440298420761813,303,3331.0,4187.0,4570.0,3570.0,3304.5714285714284,4089.1071428571427,1342.8705394468623,3669.0,treino_final
2011-11-01,0,1,0.7818314824680298,0.6234898018587336,-0.8605996962501181,0.5092820071573356,304,3669.0,4687.0,4748.0,4456.0,3230.5714285714284,4092.6428571428573,1299.7181562609287,4068.0,treino_final
2011-11-02,0,1,0.9749279121818236,-0.22252093395631434,-0.8517119107469189,0.5240103253675756,305,4068.0,3894.0,2424.0,4826.0,3142.1428571428573,4078.785714285714,1201.4552881917132,4186.0,treino_final
2011-11-03,0,1,0.43388373911755823,-0.900968867902419,-0.8425720899866032,0.5385835804920232,306,4186.0,2659.0,4195.0,4765.0,3183.8571428571427,4055.9285714285716,1236.4692243873947,3974.0,treino_final
2011-11-04,0,1,-0.433883739117558,-0.9009688679024191,-0.8331829385891785,0.5529974600700271,307,3974.0,3747.0,4304.0,4985.0,3371.714285714286,4027.6785714285716,1243.3124726961942,4046.0,treino_final
2011-11-05,0,0,-0.9749279121818236,-0.2225209339563146,-0.8235472349556007,0.5672476988027229,308,4046.0,627.0,4308.0,5409.0,3414.4285714285716,3994.1428571428573,1263.3293127213392,3926.0,treino_final
2011-11-06,0,0,-0.7818314824680299,0.6234898018587334,-0.8136678304455991,0.5813300798152042,309,3926.0,3331.0,4381.0,5511.0,3885.714285714286,3941.1785714285716,292.455531825352,3649.0,treino_final
2011-11-07,0,1,0.0,1.0,-0.8035476485339116,0.5952404359043674,310,3649.0,3669.0,4187.0,5117.0,3931.1428571428573,3874.6785714285716,202.9206976230374,4035.0,treino_final
2011-11-08,0,1,0.7818314824680298,0.6234898018587336,-0.7931896839451843,0.6089746507720486,311,4035.0,4068.0,4687.0,4563.0,3983.4285714285716,3836.035714285714,168.32098021625876,4205.0,treino_final
2011-11-09,0,1,0.9749279121818236,-0.22252093395631434,-0.7825970017677834,0.6225286602431057,312,4205.0,4186.0,3894.0,2416.0,4003.0,3823.25,186.74938643364484,4109.0,treino_final
2011-11-10,0,1,0.43388373911755823,-0.900968867902419,-0.7717727365467837,0.6358984534680745,313,4109.0,3974.0,2659.0,2913.0,3992.0,3883.714285714286,176.14009575716426,2933.0,treino_final
2011-11-11,1,0,-0.433883739117558,-0.9009688679024191,-0.7607200913564104,0.6490800741100398,314,2933.0,4046.0,3747.0,3644.0,3843.285714285714,3884.4285714285716,438.27263747799367,3368.0,treino_final
2011-11-12,0,0,-0.9749279121818236,-0.2225209339563146,-0.7494423368521953,0.6620696215153815,315,3368.0,3926.0,627.0,5217.0,3746.4285714285716,3874.5714285714284,460.3679170485632,4067.0,treino_final
2011-11-13,0,0,-0.7818314824680299,0.6234898018587334,-0.7379428103031386,0.6748632518680403,316,4067.0,3649.0,3331.0,5041.0,3766.5714285714284,3833.5,472.4601772082304,3717.0,treino_final
2011-11-14,0,1,0.0,1.0,-0.7262249146041543,0.6874571793269664,317,3717.0,4035.0,3669.0,4570.0,3776.285714285714,3786.214285714286,470.33417704356907,4486.0,treino_final
2011-11-15,0,1,0.7818314824680298,0.6234898018587336,-0.7142921172691032,0.699847677146407,318,4486.0,4205.0,4068.0,4748.0,3840.714285714286,3783.214285714286,537.7405552512447,4195.0,treino_final
2011-11-16,0,1,0.9749279121818236,-0.22252093395631434,-0.7021479494046978,0.7120310787787131,319,4195.0,4109.0,4186.0,2424.0,3839.285714285714,3763.464285714286,536.6236155462383,1817.0,treino_final
2011-11-17,0,1,0.43388373911755823,-0.900968867902419,-0.6897960046655887,0.7240037789593305,320,1817.0,2933.0,3974.0,4195.0,3511.8571428571427,3741.785714285714,912.3428501339251,3053.0,treino_final
2011-11-18,0,1,-0.433883739117558,-0.9009688679024191,-0.6772399381909491,0.7357622347736527,321,3053.0,3368.0,4046.0,4304.0,3529.0,3701.0,900.7065744921321,3392.0,treino_final
2011-11-19,0,0,-0.9749279121818236,-0.2225209339563146,-0.6644834655228552,0.7473029667054297,322,3392.0,4067.0,3926.0,4308.0,3532.4285714285716,3668.4285714285716,900.0370098210607,3663.0,treino_final
2011-11-20,0,0,-0.7818314824680299,0.6234898018587334,-0.6515303615068021,0.75862255966641,323,3663.0,3717.0,3649.0,4381.0,3474.714285714286,3645.3928571428573,872.5790726892642,3520.0,treino_final
2011-11-21,0,1,0.0,1.0,-0.6383844591746642,0.769717664006921,324,3520.0,4486.0,4035.0,4187.0,3446.5714285714284,3614.6428571428573,866.6188814665327,2765.0,treino_final
2011-11-22,0,1,0.7818314824680298,0.6234898018587336,-0.6250496486104377,0.7805849965070866,325,2765.0,4195.0,4205.0,4687.0,3200.714285714286,3563.8571428571427,760.1729439817805,1607.0,treino_final
2011-11-23,0,1,0.9749279121818236,-0.22252093395631434,-0.6115298757991053,0.7912213413483807,326,1607.0,1817.0,4109.0,3894.0,2831.0,3453.8571428571427,822.7674843680696,2566.0,treino_final
2011-11-24,1,0,0.43388373911755823,-0.900968867902419,-0.5978291414589552,0.801623551065242,327,2566.0,3053.0,2933.0,2659.0,2938.0,3406.4285714285716,709.8783933416765,1495.0,treino_final
2011-11-25,0,1,-0.433883739117558,-0.9009688679024191,-0.5839514998576998,0.8117885474764613,328,1495.0,3392.0,3368.0,3747.0,2715.4285714285716,3364.8571428571427,889.3651025952818,2792.0,treino_final
2011-11-26,0,0,-0.9749279121818236,-0.2225209339563146,-0.5699010576127624,0.821713322596059,329,2792.0,3663.0,4067.0,627.0,2629.714285714286,3330.75,840.88320914893,3068.0,treino_final
2011-11-27,0,0,-0.7818314824680299,0.6234898018587334,-0.5556819724760489,0.8313949395234058,330,3068.0,3520.0,3717.0,3331.0,2544.714285714286,3417.9285714285716,743.4544851089436,3071.0,treino_final
2011-11-28,0,1,0.0,1.0,-0.5412984521036173,0.8408305333122887,331,3071.0,2765.0,4486.0,3669.0,2480.5714285714284,3408.6428571428573,659.9673873616684,3867.0,treino_final
2011-11-29,0,1,0.7818314824680298,0.6234898018587336,-0.5267547528105542,0.8500173118187018,332,3867.0,1607.0,4195.0,4068.0,2638.0,3415.714285714286,844.7031036603128,2914.0,treino_final
2011-11-30,0,1,0.9749279121818236,-0.22252093395631434,-0.5120551783114646,0.8589525565270845,333,2914.0,2566.0,1817.0,4186.0,2824.714285714286,3374.5,713.0123220734691,3613.0,treino_final
2011-12-01,0,1,0.43388373911755823,-0.900968867902419,-0.4972040784469378,0.8676336233547726,334,3613.0,1495.0,3053.0,3974.0,2974.285714285714,3354.035714285714,758.0874431281646,3727.0,treino_final
2011-12-02,0,1,-0.433883739117558,-0.9009688679024191,-0.4822058478963526,0.8760579434344281,335,3727.0,2792.0,3392.0,4046.0,3293.1428571428573,3345.214285714286,431.0419270293377,3940.0,treino_final
2011-12-03,0,0,-0.9749279121818236,-0.2225209339563146,-0.46706492487743034,0.8842230238742036,336,3940.0,3068.0,3663.0,3926.0,3457.1428571428573,3341.4285714285716,426.9642563382745,3614.0,treino_final
2011-12-04,0,0,-0.7818314824680299,0.6234898018587334,-0.451785789832884,0.8921264484954345,337,3614.0,3071.0,3520.0,3649.0,3535.1428571428573,3330.285714285714,392.5079313727234,3485.0,treino_final
2011-12-05,0,1,0.0,1.0,-0.4363729641045924,0.8997658785476209,338,3485.0,3867.0,2765.0,4035.0,3594.285714285714,3324.4285714285716,338.37243499127146,3811.0,treino_final
2011-12-06,0,1,0.7818314824680298,0.6234898018587336,-0.42083100859565564,0.9071390534005044,339,3811.0,2914.0,1607.0,4205.0,3586.285714285714,3316.4285714285716,331.4411532915846,2594.0,treino_final
2011-12-07,0,1,0.9749279121818236,-0.22252093395631434,-0.4051645224207563,0.9142437912130223,340,2594.0,3613.0,2566.0,4109.0,3540.5714285714284,3258.8928571428573,442.93598376549176,705.0,treino_final
2011-12-08,0,1,0.43388373911755823,-0.900968867902419,-0.3893781415452015,0.9210779895789526,341,705.0,3727.0,1495.0,2933.0,3125.1428571428573,3137.3214285714284,1155.0113171987396,3322.0,treino_final
2011-12-09,0,1,-0.433883739117558,-0.9009688679024191,-0.37347653741307074,0.9276396261490467,342,3322.0,3940.0,2792.0,3368.0,3067.285714285714,3151.214285714286,1129.7046390223406,3620.0,treino_final
2011-12-10,0,0,-0.9749279121818236,-0.2225209339563146,-0.3574644155648614,0.9339267592294762,343,3620.0,3614.0,3068.0,4067.0,3021.5714285714284,3160.214285714286,1094.4275302858775,3190.0,treino_final
2011-12-11,0,0,-0.7818314824680299,0.6234898018587334,-0.34134651424503615,0.9399375283564133,344,3190.0,3485.0,3071.0,3717.0,2961.0,3128.8928571428573,1067.5785685372423,2743.0,treino_final
2011-12-12,0,1,0.0,1.0,-0.3251276029999093,0.9456701548465688,345,2743.0,3811.0,3867.0,4486.0,2855.0,3094.1071428571427,1043.4430187285564,3310.0,treino_final
2011-12-13,0,1,0.7818314824680298,0.6234898018587336,-0.30881248126625377,0.9511229423235357,346,3310.0,2594.0,2914.0,4195.0,2783.4285714285716,3052.1071428571427,982.3332525409334,3523.0,treino_final
2011-12-14,0,1,0.9749279121818236,-0.22252093395631434,-0.29240597695107734,0.9562942772197719,347,3523.0,705.0,3613.0,1817.0,2916.1428571428573,3028.1071428571427,1014.6972337552243,3740.0,treino_final
2011-12-15,0,1,0.43388373911755823,-0.900968867902419,-0.27591294500296043,0.9611826292540837,348,3740.0,3322.0,3727.0,3053.0,3349.714285714286,3096.785714285714,329.4848070780488,3709.0,treino_final
2011-12-16,0,1,-0.433883739117558,-0.9009688679024191,-0.2593382659754056,0.9657865518844574,349,3709.0,3620.0,3940.0,3392.0,3405.0,3120.214285714286,355.50058602861225,3577.0,treino_final
2011-12-17,0,0,-0.9749279121818236,-0.2225209339563146,-0.2426868445825954,0.9701046827361175,350,3577.0,3190.0,3614.0,3663.0,3398.8571428571427,3126.8214285714284,351.51549447664894,2739.0,treino_final
2011-12-18,0,0,-0.7818314824680299,0.6234898018587334,-0.22596360824801906,0.974135744004672,351,2739.0,2743.0,3485.0,3520.0,3334.4285714285716,3093.8214285714284,428.97391418085124,2431.0,treino_final
2011-12-19,0,1,0.0,1.0,-0.20917350564635637,0.9778785428342386,352,2431.0,3310.0,3811.0,2765.0,3289.8571428571427,3054.9285714285716,509.3461261171015,3403.0,treino_final
2011-12-20,0,1,0.7818314824680298,0.6234898018587336,-0.19232150523909483,0.9813319716704275,353,3403.0,3523.0,2594.0,1607.0,3303.1428571428573,3077.714285714286,511.16873553700253,3750.0,treino_final
2011-12-21,0,1,0.9749279121818236,-0.22252093395631434,-0.17541259380427843,0.9844950085880858,354,3750.0,3740.0,705.0,2566.0,3335.5714285714284,3154.25,534.1260329244777,2660.0,treino_final
2011-12-22,0,1,0.43388373911755823,-0.900968867902419,-0.15845177496083632,0.9873667175937016,355,2660.0,3709.0,3322.0,1495.0,3181.285714285714,3157.6071428571427,553.4662634361093,3068.0,treino_final
2011-12-23,0,1,-0.433883739117558,-0.9009688679024191,-0.14144406768794202,0.9899462489023779,356,3068.0,3577.0,3620.0,2792.0,3089.714285714286,3213.785714285714,502.26212090427816,2209.0,treino_final
2011-12-24,0,0,-0.9749279121818236,-0.2225209339563146,-0.12439450483979998,0.9922328391893008,357,2209.0,2739.0,3190.0,3068.0,2894.285714285714,3192.964285714286,545.3542317569994,1011.0,treino_final
2011-12-25,0,0,-0.7818314824680299,0.6234898018587334,-0.10730813165636247,0.9942258118156161,358,1011.0,2431.0,2743.0,3071.0,2647.4285714285716,3119.5,901.9007441958265,754.0,treino_final
2011-12-26,1,0,0.0,1.0,-0.09019000427034513,0.9959245770286599,359,754.0,3403.0,3310.0,3867.0,2407.8571428571427,3036.75,1155.9281160711712,1317.0,treino_final
2011-12-27,0,1,0.7818314824680298,0.6234898018587336,-0.07304518821104743,0.9973286321364752,360,1317.0,3750.0,3523.0,2914.0,2109.8571428571427,2945.6785714285716,1125.0963556619727,1162.0,treino_final
2011-12-28,0,1,0.9749279121818236,-0.22252093395631434,-0.05587875690537313,0.9984375616565666,361,1162.0,2660.0,3740.0,3613.0,1740.142857142857,2883.1071428571427,898.757925986669,2302.0,treino_final
2011-12-29,0,1,0.43388373911755823,-0.900968867902419,-0.03869579017652689,0.9992510374388481,362,2302.0,3068.0,3709.0,3727.0,1689.0,2836.285714285714,846.3482340818013,2423.0,treino_final
2011-12-30,0,1,-0.433883739117558,-0.9009688679024191,-0.021501372740813793,0.999768818762748,363,2423.0,2209.0,3577.0,3940.0,1596.857142857143,2789.714285714286,692.2806339848948,2999.0,treino_final
2011-12-31,0,0,-0.9749279121818236,-0.2225209339563146,-0.004300592702981974,0.9999907524084426,364,2999.0,1011.0,2739.0,3614.0,1709.7142857142858,2756.1071428571427,854.1704970878401,2485.0,treino_final
2012-01-01,0,0,-0.7818314824680299,0.6234898018587334,0.017201575418260506,0.9998520419557735,365,2485.0,754.0,2431.0,3485.0,1920.2857142857142,2715.785714285714,834.6783241237014,2294.0,treino_final
2012-01-02,1,0,0.0,1.0,0.03439806061360801,0.9994082116062598,366,2294.0,1317.0,3403.0,3811.0,2140.285714285714,2673.25,660.904358760489,1951.0,treino_final
2012-01-03,0,1,0.7818314824680298,0.6234898018587336,0.051584366869408364,0.9986686402879997,367,1951.0,1162.0,3750.0,2594.0,2230.8571428571427,2606.8214285714284,565.8879242899453,2236.0,treino_final
2012-01-04,0,1,0.9749279121818236,-0.22252093395631434,0.06875540848113941,0.9976335468520451,368,2236.0,2302.0,2660.0,705.0,2384.285714285714,2594.035714285714,319.9383869256839,2368.0,treino_final
2012-01-05,0,1,0.43388373911755823,-0.900968867902419,0.08590610426133272,0.9963032375991965,369,2368.0,2423.0,3068.0,3322.0,2393.714285714286,2653.4285714285716,318.0763610025247,3272.0,treino_final
2012-01-06,0,1,-0.433883739117558,-0.9009688679024191,0.10303137904317879,0.9946781061893646,370,3272.0,2999.0,2209.0,3620.0,2515.0,2651.6428571428573,460.90346060757105,4098.0,treino_final
2012-01-07,0,0,-0.9749279121818236,-0.2225209339563146,0.1201261651823505,0.9927586335250793,371,4098.0,2485.0,1011.0,3190.0,2672.0,2668.714285714286,749.8535412554676,4521.0,treino_final
2012-01-08,0,0,-0.7818314824680299,0.6234898018587334,0.13718540405660057,0.9905453876091833,372,4521.0,2294.0,754.0,2743.0,2962.8571428571427,2716.25,1013.6837818194766,3425.0,treino_final
2012-01-09,0,1,0.0,1.0,0.1542040475626894,0.988039023376751,373,3425.0,1951.0,1317.0,3310.0,3124.4285714285716,2740.6071428571427,978.8426596654728,2376.0,treino_final
2012-01-10,0,1,0.7818314824680298,0.6234898018587336,0.17117705961019986,0.985240282501282,374,2376.0,2236.0,1162.0,3523.0,3185.1428571428573,2707.25,904.268107103105,3598.0,treino_final
2012-01-11,0,1,0.9749279121818236,-0.22252093395631434,0.18809941761179758,0.9821499931752291,375,3598.0,2368.0,2302.0,3740.0,3379.714285714286,2709.9285714285716,807.3389858635949,2177.0,treino_final
2012-01-12,0,1,0.43388373911755823,-0.900968867902419,0.20496611396949532,0.9787690698649216,376,2177.0,3272.0,2423.0,3709.0,3352.4285714285716,2654.1071428571427,849.3646364867718,4097.0,treino_final
2012-01-13,0,1,-0.433883739117558,-0.9009688679024191,0.22177215755648186,0.975098513039961,377,4097.0,4098.0,2999.0,3577.0,3470.285714285714,2667.964285714286,892.4878550594342,3214.0,treino_final
2012-01-14,0,0,-0.9749279121818236,-0.2225209339563146,0.23851257519407648,0.9711394088771653,378,3214.0,4521.0,2485.0,2739.0,3344.0,2655.0,850.4144087835572,2493.0,treino_final
2012-01-15,0,0,-0.7818314824680299,0.6234898018587334,0.2551824131233728,0.9668929289391521,379,2493.0,3425.0,2294.0,2431.0,3054.285714285714,2646.214285714286,717.6999638395307,2311.0,treino_final
2012-01-16,1,0,0.0,1.0,0.2717767384711357,0.9623603298276545,380,2311.0,2376.0,1951.0,3403.0,2895.1428571428573,2641.9285714285716,744.7951460125381,2298.0,treino_final
2012-01-17,0,1,0.7818314824680298,0.6234898018587336,0.2882906407095177,0.9575429528116719,381,2298.0,3598.0,2236.0,3750.0,2884.0,2602.464285714286,754.3783312547461,2935.0,treino_final
2012-01-18,0,1,0.9749279121818236,-0.22252093395631434,0.3047192331091634,0.9524422234305676,382,2935.0,2177.0,2368.0,2660.0,2789.285714285714,2573.3571428571427,688.5406582731833,3376.0,treino_final
2012-01-19,0,1,0.43388373911755823,-0.900968867902419,0.321057654185271,0.9470596510722283,383,3376.0,4097.0,3272.0,3068.0,2960.5714285714284,2598.9285714285716,659.355457282069,3292.0,treino_final
2012-01-20,0,1,-0.433883739117558,-0.9009688679024191,0.3373010691361842,0.9413968285264122,384,3292.0,3214.0,4098.0,2209.0,2845.5714285714284,2606.9285714285716,471.5749700535238,3163.0,treino_final
2012-01-21,0,0,-0.9749279121818236,-0.2225209339563146,0.3534446712740877,0.9354554315134164,385,3163.0,2493.0,4521.0,1011.0,2838.285714285714,2641.0,465.28618945254306,1301.0,treino_final
2012-01-22,0,0,-0.7818314824680299,0.6234898018587334,0.3694836834473831,0.9292372181882051,386,1301.0,2311.0,3425.0,754.0,2668.0,2651.3571428571427,746.1000826520303,1977.0,treino_final
2012-01-23,0,1,0.0,1.0,0.38541335945432564,0.9227440286201427,387,1977.0,2298.0,2376.0,1317.0,2620.285714285714,2695.035714285714,782.5266160086434,2432.0,treino_final
2012-01-24,0,1,0.7818314824680298,0.6234898018587336,0.4012289854475009,0.9159777842484877,388,2432.0,2935.0,3598.0,1162.0,2639.4285714285716,2734.8571428571427,774.930718869534,4339.0,treino_final
2012-01-25,0,1,0.9749279121818236,-0.22252093395631434,0.4169258813287287,0.908940487313808,389,4339.0,3376.0,2177.0,2302.0,2840.0,2848.3214285714284,1010.171932560672,4270.0,treino_final
2012-01-26,0,1,0.43388373911755823,-0.900968867902419,0.4324994021339788,0.901634220265486,390,4270.0,3292.0,4097.0,2423.0,2967.714285714286,2918.6071428571427,1137.6958753383662,4075.0,treino_final
2012-01-27,0,1,-0.433883739117558,-0.9009688679024191,0.44794493940789115,0.8940611451454876,391,4075.0,3163.0,3214.0,2999.0,3079.5714285714284,2977.6071428571427,1211.0221381327608,3456.0,treino_final
2012-01-28,0,0,-0.9749279121818236,-0.2225209339563146,0.4632579225674917,0.88622350294858,392,3456.0,1301.0,2493.0,2485.0,3121.4285714285716,2993.9285714285716,1219.4207446082653,4023.0,treino_final
2012-01-29,0,0,-0.7818314824680299,0.6234898018587334,0.4784338202547012,0.8781236129591848,393,4023.0,1977.0,2311.0,2294.0,3510.285714285714,3048.8571428571427,945.3679555752816,3243.0,treino_final
2012-01-30,0,1,0.0,1.0,0.49346814167723735,0.8697638720650646,394,3243.0,2432.0,2298.0,1951.0,3691.1428571428573,3082.75,689.6659646938909,3624.0,treino_final
2012-01-31,0,1,0.7818314824680298,0.6234898018587336,0.5083564379375122,0.8611467540480452,395,3624.0,4339.0,2935.0,2236.0,3861.4285714285716,3142.5,422.2798665746386,4509.0,treino_final
2012-02-01,0,1,0.9749279121818236,-0.22252093395631434,0.5230943033491326,0.8522748088519838,396,4509.0,4270.0,3376.0,2368.0,3885.714285714286,3223.6785714285716,457.72397587983795,4579.0,treino_final
2012-02-02,0,1,0.43388373911755823,-0.900968867902419,0.5376773767406141,0.8431506618282,397,4579.0,4075.0,3292.0,3272.0,3929.8571428571427,3302.6428571428573,512.574686776295,3761.0,treino_final
2012-02-03,0,1,-0.433883739117558,-0.9009688679024191,0.5521013427459208,0.8337770129585915,398,3761.0,3456.0,3163.0,4098.0,3885.0,3320.1071428571427,511.494216324429,4151.0,treino_final
2012-02-04,0,0,-0.9749279121818236,-0.2225209339563146,0.5663619330814524,0.8241566360566663,399,4151.0,4023.0,1301.0,4521.0,3984.285714285714,3322.0,480.8793037363026,2832.0,treino_final
2012-02-05,0,0,-0.7818314824680299,0.6234898018587334,0.580454927809098,0.8142923779467267,400,2832.0,3243.0,1977.0,3425.0,3814.1428571428573,3261.6785714285716,646.9277209939964,2947.0,treino_final
2012-02-06,0,1,0.0,1.0,0.5943761565849831,0.804187157621448,401,2947.0,3624.0,2432.0,2376.0,3771.8571428571427,3244.6071428571427,698.1295077017016,3784.0,treino_final
2012-02-07,0,1,0.7818314824680298,0.6234898018587336,0.6081214998935418,0.7938439653781019,402,3784.0,4509.0,4339.0,3598.0,3794.714285714286,3294.8928571428573,695.0944094835236,4375.0,treino_final
2012-02-08,0,1,0.9749279121818236,-0.22252093395631434,0.6216868902665479,0.7832658619336791,403,4375.0,4579.0,4270.0,2177.0,3775.5714285714284,3322.6428571428573,673.6591267455891,2802.0,treino_final
2012-02-09,0,1,0.43388373911755823,-0.900968867902419,0.6350683134867438,0.7724559775191742,404,2802.0,3761.0,4075.0,4097.0,3521.714285714286,3344.964285714286,654.9986550331645,3830.0,treino_final
2012-02-10,0,1,-0.433883739117558,-0.9009688679024191,0.6482618097757122,0.7614175109532997,405,3830.0,4151.0,3456.0,3214.0,3531.5714285714284,3335.4285714285716,659.7021694529801,3831.0,treino_final
2012-02-11,0,0,-0.9749279121818236,-0.2225209339563146,0.6612634749656386,0.7501537286959042,406,3831.0,2832.0,4023.0,2493.0,3485.8571428571427,3357.464285714286,619.4861926283426,2169.0,treino_final
2012-02-12,0,0,-0.7818314824680299,0.6234898018587334,0.6740694616546161,0.7386679638813748,407,2169.0,2947.0,3243.0,2311.0,3391.1428571428573,3345.8928571428573,768.8050096462446,1529.0,treino_final
2012-02-13,0,1,0.0,1.0,0.6866759803451553,0.726963615332308,408,1529.0,3784.0,3624.0,2298.0,3188.5714285714284,3317.964285714286,1043.1869211128828,3422.0,treino_final
2012-02-14,0,1,0.7818314824680298,0.6234898018587336,0.6990793005655562,0.7150441465537444,409,3422.0,4375.0,4509.0,2935.0,3136.8571428571427,3358.1071428571427,1017.4041197366795,3922.0,treino_final
2012-02-15,0,1,0.9749279121818236,-0.22252093395631434,0.7112757519738152,0.7029130847082615,410,3922.0,2802.0,4579.0,3376.0,3072.1428571428573,3393.3571428571427,936.7321617501821,4169.0,treino_final
2012-02-16,0,1,0.43388373911755823,-0.900968867902419,0.7232617254437388,0.6905740195722294,411,4169.0,3830.0,3761.0,3292.0,3267.4285714285716,3421.6785714285716,1010.6075494709314,3005.0,treino_final
2012-02-17,0,1,-0.433883739117558,-0.9009688679024191,0.7350336741329412,0.6780306024735382,412,3005.0,3831.0,4151.0,3163.0,3149.5714285714284,3411.4285714285716,981.7599599941137,4154.0,treino_final
2012-02-18,0,0,-0.9749279121818236,-0.2225209339563146,0.746588114532413,0.6652865452111116,413,4154.0,2169.0,2832.0,1301.0,3195.714285714286,3446.8214285714284,1025.730912453129,4318.0,treino_final
2012-02-19,0,0,-0.7818314824680299,0.6234898018587334,0.7579216274973472,0.6523456189565257,414,4318.0,1529.0,2947.0,1977.0,3502.714285714286,3554.5714285714284,988.1281486200336,2689.0,treino_final
2012-02-20,1,0,0.0,1.0,0.7690308592589181,0.6392116531380588,415,2689.0,3422.0,3784.0,2432.0,3668.4285714285716,3580.0,636.7544940668257,3129.0,treino_final
2012-02-21,0,1,0.7818314824680298,0.6234898018587336,0.7799125224167177,0.6258885343075018,416,3129.0,3922.0,4375.0,4339.0,3626.5714285714284,3604.8928571428573,664.6715622879469,3777.0,treino_final
2012-02-22,0,1,0.9749279121818236,-0.22252093395631434,0.7905633969115482,0.612380204990065,417,3777.0,4169.0,2802.0,4270.0,3605.8571428571427,3584.8214285714284,656.1347495170671,4773.0,treino_final
2012-02-23,0,1,0.43388373911755823,-0.900968867902419,0.8009803309782905,0.5986906625177214,418,4773.0,3005.0,3830.0,4075.0,3692.1428571428573,3602.785714285714,772.0160681772256,5062.0,treino_final
2012-02-24,0,1,-0.433883739117558,-0.9009688679024191,0.8111602420785621,0.5848239578463322,419,5062.0,4154.0,3831.0,3456.0,3986.0,3638.035714285714,854.0035128733412,3487.0,treino_final
2012-02-25,0,0,-0.9749279121818236,-0.2225209339563146,0.8211001178128892,0.5707841943569036,420,3487.0,4318.0,2169.0,4023.0,3890.714285714286,3639.1428571428573,869.2097396075244,2732.0,treino_final
2012-02-26,0,0,-0.7818314824680299,0.6234898018587334,0.8307970168121247,0.5565755266413303,421,2732.0,2689.0,1529.0,3243.0,3664.1428571428573,3593.035714285714,942.8553138510472,3389.0,treino_final
2012-02-27,0,1,0.0,1.0,0.8402480696078469,0.5422021592729844,422,3389.0,3129.0,3422.0,3624.0,3764.1428571428573,3598.25,855.2442981533529,4322.0,treino_final
2012-02-28,0,1,0.7818314824680298,0.6234898018587336,0.8494504794814806,0.527668345562516,423,4322.0,3777.0,3922.0,4509.0,3934.5714285714284,3623.1785714285716,825.9473060558769,4363.0,treino_final
2012-02-29,0,1,0.9749279121818236,-0.22252093395631434,0.8584015232918917,0.512978386299228,424,4363.0,4773.0,4169.0,4579.0,4018.285714285714,3617.964285714286,836.9388098472776,1834.0,treino_final
2012-03-01,0,1,0.43388373911755823,-0.900968867902419,0.8670985522812081,0.4981366284784055,425,1834.0,5062.0,3005.0,3761.0,3598.4285714285716,3519.9285714285716,1093.1872143939029,4990.0,treino_final
2012-03-02,0,1,-0.433883739117558,-0.9009688679024191,0.8755389928586302,0.4831474640149687,426,4990.0,3487.0,4154.0,4151.0,3588.1428571428573,3563.8214285714284,1077.3454148308974,3194.0,treino_final
2012-03-03,0,0,-0.9749279121818236,-0.2225209339563146,0.8837203473619977,0.4680153284438345,427,3194.0,2732.0,4318.0,2832.0,3546.285714285714,3529.6428571428573,1087.5732487646926,4066.0,treino_final
2012-03-04,0,0,-0.7818314824680299,0.6234898018587334,0.8916401947968874,0.45274469960737107,428,4066.0,3389.0,2689.0,2947.0,3736.8571428571427,3573.714285714286,1036.798988645897,3423.0,treino_final
2012-03-05,0,1,0.0,1.0,0.8992961915530253,0.4373400963303323,429,3423.0,4322.0,3129.0,3784.0,3741.714285714286,3590.714285714286,1034.9757991189538,3333.0,treino_final
2012-03-06,0,1,0.7818314824680298,0.6234898018587336,0.9066860720977985,0.4218060770826634,430,3333.0,4363.0,3777.0,4375.0,3600.4285714285716,3574.6071428571427,1009.755227294038,3956.0,treino_final
2012-03-07,0,1,0.9749279121818236,-0.22252093395631434,0.9138076496466615,0.40614723863057883,431,3956.0,1834.0,4773.0,2802.0,3542.285714285714,3559.6428571428573,969.4401673622023,4916.0,treino_final
2012-03-08,0,1,0.43388373911755823,-0.900968867902419,0.9206588168102428,0.3903682146763026,432,4916.0,4990.0,5062.0,3830.0,3982.5714285714284,3635.1428571428573,736.0678993007089,5382.0,treino_final
2012-03-09,0,1,-0.433883739117558,-0.9009688679024191,0.9272375462179537,0.374473674486883,433,5382.0,3194.0,3487.0,3831.0,4038.5714285714284,3690.5714285714284,833.8976470252752,4569.0,treino_final
2012-03-10,0,0,-0.9749279121818236,-0.2225209339563146,0.9335418911179212,0.35846832151248087,434,4569.0,4066.0,2732.0,2169.0,4235.0,3716.9285714285716,760.5125464667451,4118.0,treino_final
2012-03-11,0,0,-0.7818314824680299,0.6234898018587334,0.9395699859530622,0.342356891994542,435,4118.0,3423.0,3389.0,1529.0,4242.428571428572,3786.535714285714,758.838774519519,4911.0,treino_final
2012-03-12,0,1,0.0,1.0,0.945320046913132,0.3261441535642696,436,4911.0,3333.0,4322.0,3422.0,4455.0,3907.3214285714284,696.9261079913667,5298.0,treino_final
2012-03-13,0,1,0.7818314824680298,0.6234898018587336,0.9507903724625832,0.3098349038318025,437,5298.0,3956.0,4363.0,3922.0,4735.714285714285,3974.3214285714284,549.908693719747,5847.0,treino_final
2012-03-14,0,1,0.9749279121818236,-0.22252093395631434,0.9559793438440766,0.2934339689665273,438,5847.0,4916.0,1834.0,4169.0,5005.857142857143,4043.0714285714284,567.2387588342232,6312.0,treino_final
2012-03-15,0,1,0.43388373911755823,-0.900968867902419,0.9608854255574977,0.27694620226893646,439,6312.0,5382.0,4990.0,3005.0,5205.285714285715,4119.607142857143,747.227255544488,6192.0,treino_final
2012-03-16,0,1,-0.433883739117558,-0.9009688679024191,0.9655071658143364,0.2603764827344581,440,6192.0,4569.0,3194.0,4154.0,5321.0,4233.428571428572,836.5345181162421,4378.0,treino_final
2012-03-17,0,0,-0.9749279121818236,-0.2225209339563146,0.969843196967294,0.24372971360968387,441,4378.0,4118.0,4066.0,4318.0,5293.714285714285,4241.428571428572,867.6859482335061,7836.0,treino_final
2012-03-18,0,0,-0.7818314824680299,0.6234898018587334,0.9738922359149924,0.22701082094141847,442,7836.0,4911.0,3423.0,2689.0,5824.857142857143,4367.071428571428,1127.1939242460035,5892.0,treino_final
2012-03-19,0,1,0.0,1.0,0.9776530844816641,0.2102247521189836,443,5892.0,5298.0,3333.0,3129.0,5965.0,4481.464285714285,1053.1927648820792,6153.0,treino_final
2012-03-20,0,1,0.7818314824680298,0.6234898018587336,0.981124629771712,0.19337647441020586,444,6153.0,5847.0,3956.0,3777.0,6087.142857142857,4589.464285714285,1011.7075382031602,6093.0,treino_final
2012-03-21,0,1,0.9749279121818236,-0.22252093395631434,0.984305844499033,0.17647097349152166,445,6093.0,6312.0,4916.0,4773.0,6122.285714285715,4672.178571428572,1006.2333583361896,6230.0,treino_final
2012-03-22,0,1,0.43388373911755823,-0.900968867902419,0.9871957872910085,0.15951325197263655,446,6230.0,6192.0,5382.0,5062.0,6110.571428571428,4724.214285714285,1004.1317737466404,6871.0,treino_final
2012-03-23,0,1,-0.433883739117558,-0.9009688679024191,0.9897936029670716,0.14250832791617088,447,6871.0,4378.0,4569.0,3487.0,6207.571428571428,4788.821428571428,1045.2624641914451,8362.0,treino_final
2012-03-24,0,0,-0.9749279121818236,-0.2225209339563146,0.992098522791769,0.12546123335273648,448,8362.0,7836.0,4118.0,2732.0,6776.714285714285,4962.928571428572,964.5558069711899,3372.0,treino_final
2012-03-25,0,0,-0.7818314824680299,0.6234898018587334,0.9941098647022418,0.10837701279187609,449,3372.0,5892.0,4911.0,3389.0,6139.0,4985.785714285715,1483.5455278936631,4996.0,treino_final
2012-03-26,0,1,0.0,1.0,0.9958270335100595,0.09126072172931188,450,4996.0,6153.0,5298.0,4322.0,6011.0,5043.178571428572,1545.757419519621,5558.0,treino_final
2012-03-27,0,1,0.7818314824680298,0.6234898018587336,0.9972495210773451,0.07411742515094437,451,5558.0,6093.0,5847.0,4363.0,5926.0,5087.321428571428,1552.9899119655045,5102.0,treino_final
2012-03-28,0,1,0.9749279121818236,-0.22252093395631434,0.998376906467142,0.056952196034039754,452,5102.0,6230.0,6312.0,1834.0,5784.428571428572,5113.714285714285,1580.1611581462976,5698.0,treino_final
2012-03-29,0,1,0.43388373911755823,-0.900968867902419,0.9992088560679753,0.03977011384605572,453,5698.0,6871.0,6192.0,4990.0,5708.428571428572,5251.714285714285,1567.905169022535,6133.0,treino_final
2012-03-30,0,1,-0.433883739117558,-0.9009688679024191,0.9997451236925734,0.022576263041545485,454,6133.0,8362.0,4378.0,3194.0,5603.0,5292.535714285715,1500.0467770484026,5459.0,treino_final
2012-03-31,0,0,-0.9749279121818236,-0.2225209339563146,0.9999855506507186,0.005375731557583884,455,5459.0,3372.0,7836.0,4066.0,5188.285714285715,5373.428571428572,885.5865691328818,6235.0,treino_final
2012-04-01,0,0,-0.7818314824680299,0.6234898018587334,0.9999300657962057,-0.011826390691832589,456,6235.0,4996.0,5892.0,3423.0,5597.285714285715,5450.892857142857,471.0504977478939,6041.0,treino_final
2012-04-02,0,1,0.0,1.0,0.9995786855478958,-0.029025013321975237,457,6041.0,5558.0,6153.0,3333.0,5746.571428571428,5544.392857142857,410.4196458677988,5936.0,treino_final
2012-04-03,0,1,0.7818314824680298,0.6234898018587336,0.9989315138848577,-0.046215046983708354,458,5936.0,5102.0,6093.0,3956.0,5800.571428571428,5637.357142857143,406.320422467599,6772.0,treino_final
2012-04-04,0,1,0.9749279121818236,-0.22252093395631434,0.9979887423155984,-0.06339140486951038,459,6772.0,5698.0,6230.0,4916.0,6039.142857142857,5737.928571428572,417.8984839133778,6436.0,treino_final
2012-04-05,0,1,0.43388373911755823,-0.900968867902419,0.9967506498213929,-0.08054900421874167,460,6436.0,6133.0,6871.0,5382.0,6144.571428571428,5792.214285714285,410.51709552007725,6457.0,treino_final
2012-04-06,0,1,-0.433883739117558,-0.9009688679024191,0.9952176027737294,-0.09768276782171598,461,6457.0,5459.0,8362.0,4569.0,6190.857142857143,5830.607142857143,426.9322462137246,6460.0,treino_final
2012-04-07,0,0,-0.9749279121818236,-0.2225209339563146,0.9933900548258936,-0.11478762552212701,462,6460.0,6235.0,3372.0,4118.0,6333.857142857143,5898.142857142857,284.987384850207,6857.0,treino_final
2012-04-08,0,0,-0.7818314824680299,0.6234898018587334,0.9912685467787256,-0.13185851571739118,463,6857.0,6041.0,4996.0,4911.0,6422.714285714285,5995.964285714285,340.5738854177167,5169.0,treino_final
2012-04-09,0,1,0.0,1.0,0.9888537064205885,-0.1488903868564548,464,5169.0,5936.0,5558.0,5298.0,6298.142857142857,6005.178571428572,579.2827256102387,5585.0,treino_final
2012-04-10,0,1,0.7818314824680298,0.6234898018587336,0.986146248341595,-0.16587819893463143,465,5585.0,6772.0,5102.0,5847.0,6248.0,6015.428571428572,628.9191786972991,5918.0,treino_final
2012-04-11,0,1,0.9749279121818236,-0.22252093395631434,0.9831469737221499,-0.1828169249850199,466,5918.0,6436.0,5698.0,6312.0,6126.0,6017.964285714285,592.0827644847924,4862.0,treino_final
2012-04-12,0,1,0.43388373911755823,-0.900968867902419,0.9798567700958665,-0.1997015525660636,467,4862.0,6457.0,6133.0,6192.0,5901.142857142857,5966.178571428572,736.0981430423763,5409.0,treino_final
2012-04-13,0,1,-0.433883739117558,-0.9009688679024191,0.9762766110869321,-0.21652708524481437,468,5409.0,6460.0,5459.0,4378.0,5751.428571428572,5938.214285714285,710.3250094481964,6398.0,treino_final
2012-04-14,0,0,-0.9749279121818236,-0.2225209339563146,0.9724075561219968,-0.23328854407545518,469,6398.0,6857.0,6235.0,7836.0,5742.571428571428,6010.357142857143,700.3334579904874,7460.0,treino_final
2012-04-15,0,0,-0.7818314824680299,0.6234898018587334,0.9682507501166718,-0.2499809690726521,470,7460.0,5169.0,6041.0,5892.0,5828.714285714285,5996.928571428572,875.4491636269911,7132.0,treino_final
2012-04-16,1,0,0.0,1.0,0.9638074231367307,-0.26659942067929354,471,7132.0,5585.0,5936.0,6153.0,6109.142857142857,6041.214285714285,940.8610291591589,6370.0,treino_final
2012-04-17,0,1,0.7818314824680298,0.6234898018587336,0.9590788900341131,-0.28313898122818354,472,6370.0,5918.0,6772.0,6093.0,6221.285714285715,6048.964285714285,914.3855339854509,6691.0,treino_final
2012-04-18,0,1,0.9749279121818236,-0.22252093395631434,0.9540665500578387,-0.2995947563972602,473,6691.0,4862.0,6436.0,6230.0,6331.714285714285,6070.321428571428,918.3221501349749,4367.0,treino_final
2012-04-19,0,1,0.43388373911755823,-0.900968867902419,0.9487718864399473,-0.31596187665790293,474,4367.0,5409.0,6457.0,6871.0,6261.0,6003.785714285715,1058.6888116911189,6565.0,treino_final
2012-04-20,0,1,-0.433883739117558,-0.9009688679024191,0.9431964659565866,-0.33223549871590435,475,6565.0,6398.0,6460.0,8362.0,6426.142857142857,5992.857142857143,991.6769347207251,7290.0,treino_final
2012-04-21,0,0,-0.9749279121818236,-0.2225209339563146,0.9373419384643772,-0.3484108069446808,476,7290.0,7460.0,6857.0,3372.0,6553.571428571428,5954.571428571428,1043.4182378354171,6624.0,treino_final
2012-04-22,0,0,-0.7818314824680299,0.6234898018587334,0.9312100364121947,-0.3644830148102912,477,6624.0,7132.0,5169.0,4996.0,6434.142857142857,6070.714285714285,967.4567050728557,1027.0,treino_final
2012-04-23,0,1,0.0,1.0,0.9248025743285089,-0.38044736628785164,478,1027.0,6370.0,5585.0,5558.0,5562.0,5928.964285714285,2200.0603022038504,3214.0,treino_final
2012-04-24,0,1,0.7818314824680298,0.6234898018587336,0.9181214482844365,-0.39629913726891813,479,3214.0,6691.0,5918.0,5102.0,5111.142857142857,5845.25,2326.6186787246525,5633.0,treino_final
2012-04-25,0,1,0.9749279121818236,-0.22252093395631434,0.9111686353326631,-0.41203363695942635,480,5633.0,4367.0,4862.0,5698.0,4960.0,5864.214285714285,2239.620652402241,6196.0,treino_final
2012-04-26,0,1,0.43388373911755823,-0.900968867902419,0.9039461929224011,-0.42764620926777464,481,6196.0,6565.0,5409.0,6133.0,5221.285714285715,5882.0,2265.449161813585,5026.0,treino_final
2012-04-27,0,1,-0.433883739117558,-0.9009688679024191,0.8964562582905575,-0.44313223418263453,482,5026.0,7290.0,6398.0,5459.0,5001.428571428572,5842.464285714285,2186.617163347894,6233.0,treino_final
2012-04-28,0,0,-0.9749279121818236,-0.2225209339563146,0.8887010478292915,-0.45848712914008766,483,6233.0,6624.0,7460.0,6235.0,4850.428571428572,5870.107142857143,2033.3621465561891,4220.0,treino_final
2012-04-29,0,0,-0.7818314824680299,0.6234898018587334,0.8806828564301475,-0.47370635037968,484,4220.0,1027.0,7132.0,6041.0,4507.0,5798.142857142857,1881.2075908841055,6304.0,treino_final
2012-04-30,0,1,0.0,1.0,0.8724040568049612,-0.48878539428899265,485,6304.0,3214.0,6370.0,5936.0,5260.857142857143,5807.535714285715,1181.408541892732,5572.0,treino_final
2012-05-01,0,1,0.7818314824680298,0.6234898018587336,0.8638670987837349,-0.503719798736334,486,5572.0,5633.0,6691.0,6772.0,5597.714285714285,5794.535714285715,762.3683961370217,5740.0,treino_final
2012-05-02,0,1,0.9749279121818236,-0.22252093395631434,0.8550745085896932,-0.518505144391157,487,5740.0,6196.0,4367.0,6436.0,5613.0,5757.678571428572,764.2641340967335,6169.0,treino_final
2012-05-03,0,1,0.43388373911755823,-0.900968867902419,0.8460288880917339,-0.533137056031809,488,6169.0,5026.0,6565.0,6457.0,5609.142857142857,5748.142857142857,760.8921142473306,6421.0,treino_final
2012-05-04,0,1,-0.433883739117558,-0.9009688679024191,0.8367329140344921,-0.5476112038402312,489,6421.0,6233.0,7290.0,6460.0,5808.428571428572,5746.857142857143,765.3750403435641,6296.0,treino_final
2012-05-05,0,0,-0.9749279121818236,-0.2225209339563146,0.8271893372462497,-0.5619233046832195,490,6296.0,4220.0,6624.0,6857.0,5817.428571428572,5741.0,771.5451719639701,6883.0,treino_final
2012-05-06,0,0,-0.7818314824680299,0.6234898018587334,0.8174009818249189,-0.5760691233798758,491,6883.0,6304.0,1027.0,5169.0,6197.857142857143,5741.928571428572,436.3245842914389,6359.0,treino_final
2012-05-07,0,1,0.0,1.0,0.8073707443023492,-0.5900444739548627,492,6359.0,5572.0,3214.0,5585.0,6205.714285714285,5784.428571428572,439.04127151691796,6273.0,treino_final
2012-05-08,0,1,0.7818314824680298,0.6234898018587336,0.7971015927871943,-0.6038452208771035,493,6273.0,5740.0,5633.0,5918.0,6305.857142857143,5809.0,338.93874990981567,5728.0,treino_final
2012-05-09,0,1,0.9749279121818236,-0.22252093395631434,0.7865965660866021,-0.6174672802835514,494,5728.0,6169.0,6196.0,4862.0,6304.142857142857,5802.214285714285,342.29150762241903,4717.0,treino_final
2012-05-10,0,1,0.43388373911755823,-0.900968867902419,0.7758587728069828,-0.6309066211876704,495,4717.0,6421.0,5026.0,5409.0,6096.714285714285,5797.035714285715,695.5277886338259,6572.0,treino_final
2012-05-11,0,1,-0.433883739117558,-0.9009688679024191,0.7648913904341226,-0.6441592666722685,496,6572.0,6296.0,6233.0,6398.0,6118.285714285715,5838.571428571428,709.4635800578676,7030.0,treino_final
2012-05-12,0,0,-0.9749279121818236,-0.2225209339563146,0.753697664392914,-0.6572212950663319,497,7030.0,6883.0,4220.0,7460.0,6223.142857142857,5861.142857142857,789.8002761397527,7429.0,treino_final
2012-05-13,0,0,-0.7818314824680299,0.6234898018587334,0.742280907086982,-0.6700888411055113,498,7429.0,6359.0,6304.0,7132.0,6301.142857142857,5860.035714285715,886.82945158042,6118.0,treino_final
2012-05-14,0,1,0.0,1.0,0.7306444969184916,-0.6827580970759147,499,6118.0,6273.0,5572.0,6370.0,6266.714285714285,5823.821428571428,888.8846408628386,2843.0,treino_final
2012-05-15,0,1,0.7818314824680298,0.6234898018587336,0.7187918772884232,-0.6952253139408722,500,2843.0,5728.0,5740.0,6691.0,5776.714285714285,5697.857142857143,1569.5952465827609,5115.0,treino_final
2012-05-16,0,1,0.9749279121818236,-0.22252093395631434,0.7067265555776158,-0.7074868024503348,501,5115.0,4717.0,6169.0,4367.0,5689.142857142857,5641.571428571428,1589.7372349512473,7424.0,treino_final
2012-05-17,0,1,0.43388373911755823,-0.900968867902419,0.6944521021088763,-0.719538934232584,502,7424.0,6572.0,6421.0,6565.0,6075.857142857143,5750.75,1642.2250585279407,7384.0,treino_final
2012-05-18,0,1,-0.433883739117558,-0.9009688679024191,0.6819721490904629,-0.7313781428679254,503,7384.0,7030.0,6296.0,7290.0,6191.857142857143,5780.0,1710.375536597279,7639.0,treino_final
2012-05-19,0,0,-0.9749279121818236,-0.2225209339563146,0.6692903895412567,-0.7430009249440493,504,7639.0,7429.0,6883.0,6624.0,6278.857142857143,5792.464285714285,1774.4042595165367,8294.0,treino_final
2012-05-20,0,0,-0.7818314824680299,0.6234898018587334,0.6564105761979381,-0.7544038410927472,505,8294.0,6118.0,6359.0,1027.0,6402.428571428572,5852.107142857143,1893.9441083923878,7129.0,treino_final
2012-05-21,0,1,0.0,1.0,0.6433365204044917,-0.765583517007675,506,7129.0,2843.0,6273.0,3214.0,6546.857142857143,6070.035714285715,1907.141615836929,4359.0,treino_final
2012-05-22,0,1,0.7818314824680298,0.6234898018587336,0.6300720909843687,-0.7765366444428655,507,4359.0,5115.0,5728.0,5633.0,6763.428571428572,6110.928571428572,1447.006894379187,6073.0,treino_final
2012-05-23,0,1,0.9749279121818236,-0.22252093395631434,0.6166212130956382,-0.7872599821916922,508,6073.0,7424.0,4717.0,6196.0,6900.285714285715,6126.642857142857,1303.2804397986838,5260.0,treino_final
2012-05-24,0,1,0.43388373911755823,-0.900968867902419,0.6029878670694714,-0.7977503570459932,509,5260.0,7384.0,6572.0,5026.0,6591.142857142857,6093.214285714285,1410.5858627500934,6770.0,treino_final
2012-05-25,0,1,-0.433883739117558,-0.9009688679024191,0.5891760872322963,-0.8080046647350754,510,6770.0,7639.0,7030.0,6233.0,6503.428571428572,6155.5,1371.6186128248512,6734.0,treino_final
2012-05-26,0,0,-0.9749279121818236,-0.2225209339563146,0.5751899607119775,-0.8180198708443175,511,6734.0,8294.0,7429.0,4220.0,6374.142857142857,6173.392857142857,1286.7700427260088,6536.0,treino_final
2012-05-27,0,0,-0.7818314824680299,0.6234898018587334,0.5610336262283677,-0.8277930117131022,512,6536.0,7129.0,6118.0,6304.0,6123.0,6256.107142857143,986.0273829868796,6591.0,treino_final
2012-05-28,1,0,0.0,1.0,0.5467112728685939,-0.8373211953118121,513,6591.0,4359.0,2843.0,5572.0,6046.142857142857,6266.357142857143,912.7923145621709,6043.0,treino_final
2012-05-29,0,1,0.7818314824680298,0.6234898018587336,0.5322271388474397,-0.8466016020976267,514,6043.0,6073.0,5115.0,5740.0,6286.714285714285,6283.178571428572,539.6874757010065,5743.0,treino_final
2012-05-30,0,1,0.9749279121818236,-0.22252093395631434,0.5175855102531889,-0.8556314858488706,515,5743.0,5260.0,7424.0,6169.0,6239.571428571428,6283.285714285715,574.7419296642965,6855.0,treino_final
2012-05-31,0,1,0.43388373911755823,-0.900968867902419,0.5027907197793043,-0.8644081744776648,516,6855.0,6770.0,7384.0,6421.0,6467.428571428572,6307.785714285715,415.8785308006456,7338.0,treino_final
2012-06-01,0,1,-0.433883739117558,-0.9009688679024191,0.4878471454423119,-0.8729290708206411,517,7338.0,6734.0,7639.0,6296.0,6548.571428571428,6340.535714285715,525.6719056416299,4127.0,treino_final
2012-06-02,0,0,-0.9749279121818236,-0.2225209339563146,0.47275920928627757,-0.881191653407483,518,4127.0,6536.0,8294.0,6883.0,6176.142857142857,6263.071428571428,1042.1683211092934,8120.0,treino_final
2012-06-03,0,0,-0.7818314824680299,0.6234898018587334,0.4575313760742512,-0.8891934772070711,519,8120.0,6591.0,7129.0,6359.0,6402.428571428572,6307.25,1278.497537103965,7641.0,treino_final
2012-06-04,0,1,0.0,1.0,0.44216815196707204,-0.8969321743510065,520,7641.0,6043.0,4359.0,6273.0,6552.428571428572,6353.035714285715,1363.1052609321493,6998.0,treino_final
2012-06-05,0,1,0.7818314824680298,0.6234898018587336,0.42667408318992467,-0.9044054548343001,521,6998.0,5743.0,6073.0,5728.0,6688.857142857143,6378.928571428572,1351.3612184967765,7001.0,treino_final
2012-06-06,0,1,0.9749279121818236,-0.22252093395631434,0.4110537546870351,-0.9116111071930239,522,7001.0,6855.0,5260.0,4717.0,6868.571428571428,6424.392857142857,1286.7122000331829,7055.0,treino_final
2012-06-07,0,1,0.43388373911755823,-0.900968867902419,0.3953117887649151,-0.9185469991587165,523,7055.0,7338.0,6770.0,6572.0,6897.142857142857,6507.892857142857,1288.579764517415,7494.0,treino_final
2012-06-08,0,1,-0.433883739117558,-0.9009688679024191,0.37945284372454435,-0.925211078289358,524,7494.0,4127.0,6734.0,7030.0,6919.428571428572,6540.821428571428,1298.7836434067453,7736.0,treino_final
2012-06-09,0,0,-0.9749279121818236,-0.2225209339563146,0.36348161248290634,-0.9316013725767187,525,7736.0,8120.0,6536.0,7429.0,7435.0,6566.035714285715,433.8717168318414,7498.0,treino_final
2012-06-10,0,0,-0.7818314824680299,0.6234898018587334,0.3474028211842774,-0.9377159910299093,526,7498.0,7641.0,6591.0,6118.0,7346.142857142857,6568.5,318.5756993093162,6598.0,treino_final
2012-06-11,0,1,0.0,1.0,0.3312212278016865,-0.9435531242349544,527,6598.0,6998.0,6043.0,2843.0,7197.142857142857,6585.642857142857,392.91917259204973,6664.0,treino_final
2012-06-12,0,1,0.7818314824680298,0.6234898018587336,0.31494162072895193,-0.9491110448902284,528,6664.0,7001.0,5743.0,5115.0,7149.428571428572,6722.107142857143,438.74056766411616,4972.0,treino_final
2012-06-13,0,1,0.9749279121818236,-0.22252093395631434,0.2985688173637202,-0.9543881083175908,529,4972.0,7055.0,6855.0,7424.0,6859.571428571428,6717.0,938.6163321866753,7421.0,treino_final
2012-06-14,0,1,0.43388373911755823,-0.900968867902419,0.2821076626819194,-0.9593827529490743,530,7421.0,7494.0,7338.0,7384.0,6911.857142857143,6716.892857142857,961.2385116038702,7363.0,treino_final
2012-06-15,0,1,-0.433883739117558,-0.9009688679024191,0.26556302780405594,-0.9640935007889755,531,7363.0,7736.0,4127.0,7639.0,6893.142857142857,6716.142857142857,949.215891946483,7665.0,treino_final
2012-06-16,0,0,-0.9749279121818236,-0.2225209339563146,0.24893980855376657,-0.9685189578512204,532,7665.0,7498.0,8120.0,8294.0,6883.0,6717.071428571428,939.0331907516801,7702.0,treino_final
2012-06-17,0,0,-0.7818314824680299,0.6234898018587334,0.23224292400907015,-0.9726578145718654,533,7702.0,6598.0,7641.0,7129.0,6912.142857142857,6695.928571428572,964.1309434876695,6978.0,treino_final
2012-06-18,0,1,0.0,1.0,0.21547731504673012,-0.976508846196619,534,6978.0,6664.0,6998.0,4359.0,6966.428571428572,6690.535714285715,954.1412993092617,5099.0,treino_final
2012-06-19,0,1,0.7818314824680298,0.6234898018587336,0.19864794288017112,-0.9800709131432666,535,5099.0,4972.0,7001.0,6073.0,6742.857142857143,6716.964285714285,1190.8156068526139,6825.0,treino_final
2012-06-20,0,1,0.9749279121818236,-0.22252093395631434,0.18175978759137534,-0.9833429613388902,536,6825.0,7421.0,7055.0,5260.0,7007.571428571428,6743.821428571428,902.6394365309434,6211.0,treino_final
2012-06-21,0,1,0.43388373911755823,-0.900968867902419,0.16481784665719793,-0.9863240225317866,537,6211.0,7363.0,7494.0,6770.0,6834.714285714285,6777.785714285715,925.832366807577,5905.0,treino_final
2012-06-22,0,1,-0.433883739117558,-0.9009688679024191,0.14782713347053048,-0.9890132145779883,538,5905.0,7665.0,7736.0,6734.0,6626.428571428572,6746.892857142857,950.8413567542359,5823.0,treino_final
2012-06-23,0,0,-0.9749279121818236,-0.2225209339563146,0.13079267585675922,-0.9914097417023038,539,5823.0,7702.0,7498.0,6536.0,6363.285714285715,6714.357142857143,866.67500911733,7458.0,treino_final
2012-06-24,0,0,-0.7818314824680299,0.6234898018587334,0.11371951458594969,-0.9935128947338007,540,7458.0,6978.0,6598.0,6591.0,6328.428571428572,6747.285714285715,806.6899150526007,6891.0,treino_final
2012-06-25,0,1,0.0,1.0,0.0966127018812031,-0.9953220513156602,541,6891.0,5099.0,6664.0,6043.0,6316.0,6758.0,795.608153133995,6779.0,treino_final
2012-06-26,0,1,0.7818314824680298,0.6234898018587336,0.07947729992362097,-0.9968366760893436,542,6779.0,6825.0,4972.0,5743.0,6556.0,6784.285714285715,595.5437291528506,7442.0,treino_final
2012-06-27,0,1,0.9749279121818236,-0.22252093395631434,0.062318379354325076,-0.998056320853012,543,7442.0,6211.0,7421.0,6855.0,6644.142857142857,6844.964285714285,681.4549211237374,7335.0,treino_final
2012-06-28,0,1,0.43388373911755823,-0.900968867902419,0.04514101777397193,-0.9989806246941579,544,7335.0,5905.0,7363.0,7338.0,6804.714285714285,6862.107142857143,694.6789940410268,6879.0,treino_final
2012-06-29,0,1,-0.433883739117558,-0.9009688679024191,0.02795029824021032,-0.999609314096404,545,6879.0,5823.0,7665.0,4127.0,6943.857142857143,6845.714285714285,570.9613030002614,5463.0,treino_final
2012-06-30,0,0,-0.9749279121818236,-0.2225209339563146,0.01075130776352193,-0.9999422030204416,546,5463.0,7458.0,7702.0,8120.0,6892.428571428572,6893.428571428572,692.1083386153498,5687.0,treino_final
2012-07-01,0,0,-0.7818314824680299,0.6234898018587334,-0.00645086419810515,-0.9999791929590823,547,5687.0,6891.0,6978.0,7641.0,6639.428571428572,6806.535714285715,770.1956152265703,5531.0,treino_final
2012-07-02,0,1,0.0,1.0,-0.023651127245231586,-0.9997202729664083,548,5531.0,6779.0,5099.0,6998.0,6445.142857142857,6731.178571428572,862.197276066849,6227.0,treino_final
2012-07-03,0,1,0.7818314824680298,0.6234898018587336,-0.04084439154329611,-0.9991655196610109,549,6227.0,7442.0,6825.0,7001.0,6366.285714285715,6703.642857142857,851.7532338820462,6660.0,treino_final
2012-07-04,1,0,0.9749279121818236,-0.22252093395631434,-0.05802556932878035,-0.9983150972033183,550,6660.0,7335.0,6211.0,7055.0,6254.571428571428,6691.464285714285,729.6857444915854,7403.0,treino_final
2012-07-05,0,1,0.43388373911755823,-0.900968867902419,-0.07518957641475855,-0.9971692572470178,551,7403.0,6879.0,5905.0,7494.0,6264.285714285715,6703.892857142857,746.7205443996602,6241.0,treino_final
2012-07-06,0,1,-0.433883739117558,-0.9009688679024191,-0.09233133369539122,-0.9957283388645872,552,6241.0,5463.0,5823.0,7736.0,6173.142857142857,6659.142857142857,696.4276532350152,6207.0,treino_final
2012-07-07,0,0,-0.9749279121818236,-0.2225209339563146,-0.10944576864891556,-0.993992768446958,553,6207.0,5687.0,7458.0,7498.0,6279.428571428572,6604.535714285715,622.8744809731509,4840.0,treino_final
2012-07-08,0,0,-0.7818314824680299,0.6234898018587334,-0.12652781683868314,-0.9919630595773397,554,4840.0,5531.0,6891.0,6598.0,6158.428571428572,6509.607142857143,811.0005871643416,4672.0,treino_final
2012-07-09,0,1,0.0,1.0,-0.1435724234118113,-0.9896398128792412,555,4672.0,6227.0,6779.0,6664.0,6035.714285714285,6440.821428571428,970.9723158232649,6569.0,treino_final
2012-07-10,0,1,0.7818314824680298,0.6234898018587336,-0.16057454459499376,-0.9870237158387383,556,6569.0,6660.0,7442.0,4972.0,6084.571428571428,6437.428571428572,990.6073653980712,6290.0,treino_final
2012-07-11,0,1,0.9749279121818236,-0.22252093395631434,-0.17752914918703497,-0.984115542601034,557,6290.0,7403.0,7335.0,7421.0,6031.714285714285,6484.5,964.3083383589128,7264.0,treino_final
2012-07-12,0,1,0.43388373911755823,-0.900968867902419,-0.19443122004766195,-0.9809161537413774,558,7264.0,6241.0,6879.0,7363.0,6011.857142857143,6478.892857142857,932.2630938691248,7446.0,treino_final
2012-07-13,0,1,-0.433883739117558,-0.9009688679024191,-0.2112757555821793,-0.9774264960104055,559,7446.0,6207.0,5463.0,7665.0,6184.0,6481.857142857143,1081.011409128794,7499.0,treino_final
2012-07-14,0,0,-0.9749279121818236,-0.2225209339563146,-0.2280577712215198,-0.9736476020539838,560,7499.0,4840.0,5687.0,7702.0,6368.571428571428,6475.928571428572,1190.3601495825696,6969.0,treino_final
2012-07-15,0,0,-0.7818314824680299,0.6234898018587334,-0.24477230089725957,-0.9695805901076308,561,6969.0,4672.0,5531.0,6978.0,6672.714285714285,6449.75,989.7985846096095,6031.0,treino_final
2012-07-16,0,1,0.0,1.0,-0.2614143985111562,-0.965226663665613,562,6031.0,6569.0,6227.0,5099.0,6866.857142857143,6415.928571428572,580.7045802503675,6830.0,treino_final
2012-07-17,0,1,0.7818314824680298,0.6234898018587336,-0.2779791393987801,-0.9605871111248129,563,6830.0,6290.0,6660.0,6825.0,6904.142857142857,6477.75,566.6002201938816,6786.0,treino_final
2012-07-18,0,1,0.9749279121818236,-0.22252093395631434,-0.2944616217868012,-0.9556633054034704,564,6786.0,7264.0,7403.0,6211.0,6975.0,6476.357142857143,504.62131015902554,5713.0,treino_final
2012-07-19,0,1,0.43388373911755823,-0.900968867902419,-0.3108569682435036,-0.9504567035349151,565,5713.0,7446.0,6241.0,5905.0,6753.428571428572,6458.571428571428,669.990262900066,6591.0,treino_final
2012-07-20,0,1,-0.433883739117558,-0.9009688679024191,-0.3271603271220951,-0.9449688462364056,566,6591.0,7499.0,6207.0,5823.0,6631.285714285715,6483.071428571428,596.6039206166739,5870.0,treino_final
2012-07-21,0,0,-0.9749279121818236,-0.2225209339563146,-0.34336687399638804,-0.939201357453208,567,5870.0,6969.0,4840.0,7458.0,6398.571428571428,6484.75,513.6720280304385,4459.0,treino_final
2012-07-22,0,0,-0.7818314824680299,0.6234898018587334,-0.3594718130884232,-0.9331559438780432,568,4459.0,6031.0,4672.0,6891.0,6040.0,6377.642857142857,828.6221495148573,7410.0,treino_final
2012-07-23,0,1,0.0,1.0,-0.3754703786876202,-0.9268343944460494,569,7410.0,6830.0,6569.0,6779.0,6237.0,6396.178571428572,976.8012421504285,6966.0,treino_final
2012-07-24,0,1,0.7818314824680298,0.6234898018587336,-0.3913578365610259,-0.9202385798054075,570,6966.0,6786.0,6290.0,7442.0,6256.428571428572,6402.857142857143,991.7991828225975,7592.0,treino_final
2012-07-25,0,1,0.9749279121818236,-0.22252093395631434,-0.4071294853542516,-0.9133704517637858,571,7592.0,5713.0,7264.0,7335.0,6371.571428571428,6408.214285714285,1103.9696338128617,8173.0,treino_final
2012-07-26,0,1,0.43388373911755823,-0.900968867902419,-0.4227806579826773,-0.9062320427107697,572,8173.0,6591.0,7446.0,6879.0,6723.0,6438.142857142857,1242.269965292011,6861.0,treino_final
2012-07-27,0,1,-0.433883739117558,-0.9009688679024191,-0.4383067230125192,-0.898825465016444,573,6861.0,5870.0,7499.0,5463.0,6761.571428571428,6437.5,1241.679891268639,6904.0,treino_final
2012-07-28,0,0,-0.9749279121818236,-0.2225209339563146,-0.45370308603134424,-0.8911529104063088,574,6904.0,4459.0,6969.0,5687.0,6909.285714285715,6488.964285714285,1177.7990369449774,6685.0,treino_final
2012-07-29,0,0,-0.7818314824680299,0.6234898018587334,-0.46896519100763184,-0.8832166493127127,575,6685.0,7410.0,6031.0,5531.0,7227.285714285715,6524.607142857143,526.2761361001577,6597.0,treino_final
2012-07-30,0,1,0.0,1.0,-0.48408852163897587,-0.8750190302029955,576,6597.0,6966.0,6830.0,6227.0,7111.142857142857,6562.678571428572,567.3404117962026,7105.0,treino_final
2012-07-31,0,1,0.7818314824680298,0.6234898018587336,-0.4990686026885319,-0.8665624788845385,577,7105.0,7592.0,6786.0,6660.0,7131.0,6594.035714285715,563.8353778659823,7216.0,treino_final
2012-08-01,0,1,0.9749279121818236,-0.22252093395631434,-0.5139010013093103,-0.8578494977869301,578,7216.0,8173.0,5713.0,7403.0,7077.285714285715,6613.892857142857,529.4603272155342,7580.0,calibracao
2012-08-02,0,1,0.43388373911755823,-0.900968867902419,-0.5285813283559292,-0.8488826652214553,579,7580.0,6861.0,6591.0,6241.0,6992.571428571428,6620.214285714285,337.6057153656656,7261.0,calibracao
2012-08-03,0,1,-0.433883739117558,-0.9009688679024191,-0.5431052396834317,-0.8396646346181327,580,7261.0,6904.0,5870.0,6207.0,7049.714285714285,6656.642857142857,345.3866018852609,7175.0,calibracao
2012-08-04,0,0,-0.9749279121818236,-0.2225209339563146,-0.5574684374327892,-0.8301981337405212,581,7175.0,6685.0,4459.0,4840.0,7088.428571428572,6691.214285714285,341.49761206714385,6824.0,calibracao
2012-08-05,0,0,-0.7818314824680299,0.6234898018587334,-0.5716666713027052,-0.8204859638785327,582,6824.0,6597.0,7410.0,4672.0,7108.285714285715,6762.071428571428,317.31462529879326,5464.0,calibracao
2012-08-06,0,1,0.0,1.0,-0.5856957398073508,-0.8105309990194823,583,5464.0,7105.0,6966.0,6569.0,6946.428571428572,6790.357142857143,690.7736863215265,7013.0,calibracao
2012-08-07,0,1,0.7818314824680298,0.6234898018587336,-0.5995514915196489,-0.8003361849976323,584,7013.0,7216.0,7592.0,6290.0,6933.285714285715,6806.214285714285,688.1239506284581,7273.0,calibracao
2012-08-08,0,1,0.9749279121818236,-0.22252093395631434,-0.6132298262997502,-0.7899045386224707,585,7273.0,7580.0,8173.0,7264.0,6941.428571428572,6841.321428571428,692.351273353513,7534.0,calibracao
2012-08-09,0,1,0.43388373911755823,-0.900968867902419,-0.6267266965083301,-0.7792391467859886,586,7534.0,7261.0,6861.0,7446.0,6934.857142857143,6850.964285714285,685.4641805791811,7286.0,calibracao
2012-08-10,0,1,-0.433883739117558,-0.9009688679024191,-0.6400381082043503,-0.7683431655492202,587,7286.0,7175.0,6904.0,7499.0,6938.428571428572,6845.25,687.508753190991,5786.0,calibracao
2012-08-11,0,0,-0.9749279121818236,-0.2225209339563146,-0.65316012232693,-0.7572198192083127,588,5786.0,6824.0,6685.0,6969.0,6740.0,6784.071428571428,799.2202449887947,6299.0,calibracao
2012-08-12,0,0,-0.7818314824680299,0.6234898018587334,-0.666088855860977,-0.7458723993404063,589,6299.0,5464.0,6597.0,6031.0,6665.0,6760.142857142857,814.5108961824576,6544.0,calibracao
2012-08-13,0,1,0.0,1.0,-0.6788204829862355,-0.734304263829602,590,6544.0,7013.0,7105.0,6830.0,6819.285714285715,6778.464285714285,630.6318826609695,6883.0,calibracao
2012-08-14,0,1,0.7818314824680298,0.6234898018587336,-0.6913512362094071,-0.722518835873311,591,6883.0,7273.0,7216.0,6786.0,6800.714285714285,6780.357142857143,625.8726479312858,6784.0,calibracao
2012-08-15,0,1,0.9749279121818236,-0.22252093395631434,-0.7036774074790128,-0.7105196029692745,592,6784.0,7534.0,7580.0,5713.0,6730.857142857143,6780.285714285715,590.6726190175839,7347.0,calibracao
2012-08-16,0,1,0.43388373911755823,-0.900968867902419,-0.7157953492826642,-0.6983101158835584,593,7347.0,7286.0,7261.0,6591.0,6704.142857142857,6838.642857142857,551.2051731044369,7605.0,calibracao
2012-08-17,0,1,-0.433883739117558,-0.9009688679024191,-0.7277014757264236,-0.6858939875998223,594,7605.0,5786.0,7175.0,5870.0,6749.714285714285,6874.857142857143,616.6321740674798,7148.0,calibracao
2012-08-18,0,0,-0.9749279121818236,-0.2225209339563146,-0.7393922635959241,-0.673274892250183,595,7148.0,6299.0,6824.0,4459.0,6944.285714285715,6920.5,455.75787222513577,7865.0,calibracao
2012-08-19,0,0,-0.7818314824680299,0.6234898018587334,-0.7508642533989489,-0.6604565640279754,596,7865.0,6544.0,5464.0,7410.0,7168.0,7042.142857142857,470.3325064957852,4549.0,calibracao
2012-08-20,0,1,0.0,1.0,-0.7621140503891487,-0.6474427960827475,597,4549.0,6883.0,7013.0,6966.0,6883.0,6939.964285714285,1097.6099793034923,6530.0,calibracao
2012-08-21,0,1,0.7818314824680298,0.6234898018587336,-0.7731383255706026,-0.6342374393978054,598,6530.0,6784.0,7273.0,7592.0,6832.571428571428,6924.392857142857,1105.689356185045,7006.0,calibracao
2012-08-22,0,1,0.9749279121818236,-0.22252093395631434,-0.7839338166829201,-0.620844401650647,599,7006.0,7347.0,7534.0,8173.0,6864.285714285715,6903.464285714285,1107.246692519415,7375.0,calibracao
2012-08-23,0,1,0.43388373911755823,-0.900968867902419,-0.7944973291665992,-0.6072676460566135,600,7375.0,7605.0,7286.0,6861.0,6868.285714285715,6874.964285714285,1109.329784792835,7765.0,calibracao
2012-08-24,0,1,-0.433883739117558,-0.9009688679024191,-0.8048257371083452,-0.593511190196115,601,7765.0,7148.0,5786.0,6904.0,6891.142857142857,6907.25,1128.521662555526,7582.0,calibracao
2012-08-25,0,0,-0.9749279121818236,-0.2225209339563146,-0.8149159841660791,-0.5795791048257612,602,7582.0,7865.0,6299.0,6685.0,6953.142857142857,6931.464285714285,1156.5586061777215,6053.0,calibracao
2012-08-26,0,0,-0.7818314824680299,0.6234898018587334,-0.8247650844733614,-0.5654755126737576,603,6053.0,4549.0,6544.0,6597.0,6694.285714285715,6908.892857142857,1120.6762414253224,5255.0,calibracao
2012-08-27,0,1,0.0,1.0,-0.8343701235229537,-0.5512045872199277,604,5255.0,6530.0,6883.0,7105.0,6795.142857142857,6860.964285714285,906.787264388451,6917.0,calibracao
2012-08-28,0,1,0.7818314824680298,0.6234898018587336,-0.8437282590292712,-0.5367705514607103,605,6917.0,7006.0,6784.0,7216.0,6850.428571428572,6854.25,899.6973300584104,7040.0,calibracao
2012-08-29,0,1,0.9749279121818236,-0.22252093395631434,-0.8528367217694595,-0.522177676659508,606,7040.0,7375.0,7347.0,7580.0,6855.285714285715,6847.964285714285,900.7683228380747,7697.0,calibracao
2012-08-30,0,1,0.43388373911755823,-0.900968867902419,-0.8616928164028521,-0.5074302810827518,607,7697.0,7765.0,7605.0,7261.0,6901.285714285715,6852.142857142857,939.1369645026139,7713.0,calibracao
2012-08-31,0,1,-0.433883739117558,-0.9009688679024191,-0.8702939222685674,-0.49253272872205434,608,7713.0,7582.0,7148.0,7175.0,6893.857142857143,6868.285714285715,931.33961377707,7350.0,calibracao
2012-09-01,0,0,-0.9749279121818236,-0.2225209339563146,-0.8786374941610001,-0.4774894280028391,609,7350.0,6053.0,7865.0,6824.0,6860.714285714285,6874.535714285715,906.5683857796853,6140.0,calibracao
2012-09-02,0,0,-0.7818314824680299,0.6234898018587334,-0.886721063082993,-0.46230483047981086,610,6140.0,5255.0,4549.0,5464.0,6873.142857142857,6850.107142857143,894.1609528064594,5810.0,calibracao
2012-09-03,1,0,0.0,1.0,-0.8945422369764496,-0.4469834295196741,611,5810.0,6917.0,6530.0,7013.0,6952.428571428572,6862.464285714285,737.6794374122793,6034.0,calibracao
2012-09-04,0,1,0.7818314824680298,0.6234898018587336,-0.9020987014301837,-0.43152975897147144,612,6034.0,7040.0,7006.0,7273.0,6826.285714285715,6827.5,816.0777565660344,6864.0,calibracao
2012-09-05,0,1,0.9749279121818236,-0.22252093395631434,-0.9093882203647925,-0.4159483918249421,613,6864.0,7697.0,7375.0,7534.0,6801.142857142857,6812.892857142857,811.0919447615605,7112.0,calibracao
2012-09-06,0,1,0.43388373911755823,-0.900968867902419,-0.9164086366943458,-0.4002439388573056,614,7112.0,7713.0,7765.0,7286.0,6717.571428571428,6797.821428571428,729.4294247658473,6203.0,calibracao
2012-09-07,0,1,-0.433883739117558,-0.9009688679024191,-0.9231578729647039,-0.38442104726885545,615,6203.0,7350.0,7582.0,5786.0,6501.857142857143,6759.142857142857,597.2968074503913,7504.0,calibracao
2012-09-08,0,0,-0.9749279121818236,-0.2225209339563146,-0.9296339319682695,-0.3684843993077793,616,7504.0,6140.0,6053.0,6299.0,6523.857142857143,6820.5,635.3656240232307,5976.0,calibracao
2012-09-09,0,0,-0.7818314824680299,0.6234898018587334,-0.9358348973349941,-0.35243871088460327,617,5976.0,5810.0,5255.0,6544.0,6500.428571428572,6808.964285714285,654.6112986963378,8227.0,calibracao
2012-09-10,0,1,0.0,1.0,-0.9417589340994617,-0.33628873017668287,618,8227.0,6034.0,6917.0,6883.0,6845.714285714285,6869.071428571428,840.7236395482078,7525.0,calibracao
2012-09-11,0,1,0.7818314824680298,0.6234898018587336,-0.9474042892438845,-0.32003923622313857,619,7525.0,6864.0,7040.0,6784.0,7058.714285714285,6892.0,788.0210898796938,7767.0,calibracao
2012-09-12,0,1,0.9749279121818236,-0.22252093395631434,-0.9527692922168511,-0.30369503751065885,620,7767.0,7112.0,7697.0,7347.0,7187.714285714285,6927.107142857143,823.9267188865633,7870.0,calibracao
2012-09-13,0,1,0.43388373911755823,-0.900968867902419,-0.9578523554276669,-0.28726097055059635,621,7870.0,6203.0,7713.0,7605.0,7296.0,6945.785714285715,861.2812161734813,7804.0,calibracao
2012-09-14,0,1,-0.433883739117558,-0.9009688679024191,-0.9626519747161487,-0.2707418984477642,622,7804.0,7504.0,7350.0,7148.0,7524.714285714285,6952.892857142857,724.3474567465337,8009.0,calibracao
2012-09-15,0,0,-0.9749279121818236,-0.2225209339563146,-0.9671667297977312,-0.2541427094613622,623,8009.0,5976.0,6140.0,7865.0,7596.857142857143,6983.642857142857,746.7425769235394,8714.0,calibracao
2012-09-16,0,0,-0.7818314824680299,0.6234898018587334,-0.97139528468375,-0.23746831555846842,624,8714.0,8227.0,5810.0,4549.0,7988.0,7013.964285714285,386.35648478219906,7333.0,calibracao
2012-09-17,0,1,0.0,1.0,-0.9753363880767837,-0.2207236509605022,625,7333.0,7525.0,6034.0,6530.0,7860.285714285715,7113.392857142857,438.4357475866121,6869.0,calibracao
2012-09-18,0,1,0.7818314824680298,0.6234898018587336,-0.9789888737409319,-0.20391367068311472,626,6869.0,7767.0,6864.0,7006.0,7766.571428571428,7125.5,571.8551265086411,4073.0,calibracao
2012-09-19,0,1,0.9749279121818236,-0.22252093395631434,-0.9823516608469237,-0.18704334906991657,627,4073.0,7870.0,7112.0,7375.0,7238.857142857143,7020.75,1508.5977405713822,7591.0,calibracao
2012-09-20,0,1,0.43388373911755823,-0.900968867902419,-0.9854237542919524,-0.17011767832049052,628,7591.0,7804.0,6203.0,7765.0,7199.0,7028.464285714285,1492.7461271093412,7720.0,calibracao
2012-09-21,0,1,-0.433883739117558,-0.9009688679024191,-0.9882042449941422,-0.15314166701312007,629,7720.0,8009.0,7504.0,7582.0,7187.0,7026.857142857143,1487.4000806776694,8167.0,calibracao
2012-09-22,0,0,-0.9749279121818236,-0.2225209339563146,-0.9906923101615609,-0.13612033862266704,630,8167.0,8714.0,5976.0,6053.0,7209.571428571428,7047.75,1503.069288394325,8395.0,calibracao
2012-09-23,0,0,-0.7818314824680299,0.6234898018587334,-0.9928872135356962,-0.11905873003404988,631,8395.0,7333.0,8227.0,5255.0,7164.0,7131.392857142857,1453.8857130691547,7907.0,calibracao
2012-09-24,0,1,0.0,1.0,-0.994788305609327,-0.10196189005174576,632,7907.0,6869.0,7525.0,6917.0,7246.0,7226.107142857143,1480.9412547430557,7436.0,calibracao
2012-09-25,0,1,0.7818314824680298,0.6234898018587336,-0.9963950238187231,-0.08483487790576538,633,7436.0,4073.0,7767.0,7040.0,7327.0,7244.642857142857,1472.3657833568175,7538.0,calibracao
2012-09-26,0,1,0.9749279121818236,-0.22252093395631434,-0.9977068927101168,-0.06768276175455162,634,7538.0,7591.0,7870.0,7697.0,7822.0,7262.428571428572,353.08072731307107,7733.0,calibracao
2012-09-27,0,1,0.43388373911755823,-0.900968867902419,-0.9987235240803972,-0.050510617185222886,635,7733.0,7720.0,7804.0,7713.0,7842.285714285715,7263.714285714285,341.48582903028114,7393.0,calibracao
2012-09-28,0,1,-0.433883739117558,-0.9009688679024191,-0.9994446170919858,-0.033323525711631344,636,7393.0,8167.0,8009.0,7350.0,7795.571428571428,7252.285714285715,381.07385860776816,7415.0,calibracao
2012-09-29,0,0,-0.9749279121818236,-0.2225209339563146,-0.9998699583618592,-0.016126573270657762,637,7415.0,8395.0,8714.0,6140.0,7688.142857142857,7254.607142857143,364.5528898853203,8555.0,calibracao
2012-09-30,0,0,-0.7818314824680299,0.6234898018587334,-0.9999994220246925,0.001075151282798226,638,8555.0,7907.0,7333.0,5810.0,7711.0,7340.857142857143,417.4386182421658,6889.0,calibracao
2012-10-01,0,1,0.0,1.0,-0.999832969770105,0.018276557681691223,639,6889.0,7436.0,6869.0,6034.0,7565.571428571428,7379.392857142857,505.75878873320954,6778.0,teste
2012-10-02,0,1,0.7818314824680298,0.6234898018587336,-0.9993706508539969,0.03547255575312556,640,6778.0,7538.0,4073.0,6864.0,7471.571428571428,7405.964285714285,588.2714388054363,4639.0,teste
2012-10-03,0,1,0.9749279121818236,-0.22252093395631434,-0.9986126020839734,0.052658056924614005,641,4639.0,7733.0,7591.0,7112.0,7057.428571428572,7326.5,1217.56777458761,7572.0,teste
2012-10-04,0,1,0.43388373911755823,-0.900968867902419,-0.9975590477788613,0.06982797572987089,642,7572.0,7393.0,7720.0,6203.0,7034.428571428572,7342.928571428572,1204.1256658038474,7328.0,teste
2012-10-05,0,1,-0.433883739117558,-0.9009688679024191,-0.9962102997023297,0.0869772313136861,643,7328.0,7415.0,8167.0,7504.0,7025.142857142857,7383.107142857143,1201.146595073675,8156.0,teste
2012-10-06,0,0,-0.9749279121818236,-0.2225209339563146,-0.9945667569706337,0.1041007489354256,644,8156.0,8555.0,8395.0,5976.0,7131.0,7406.392857142857,1271.8050165021123,7965.0,teste
2012-10-07,0,0,-0.7818314824680299,0.6234898018587334,-0.9926289059345095,0.121193461470736,645,7965.0,6889.0,7907.0,8227.0,7046.714285714285,7477.428571428572,1177.778942796643,3510.0,teste
2012-10-08,1,0,0.0,1.0,-0.9903973200352558,0.1382503109109819,646,3510.0,6778.0,7436.0,7525.0,6564.0,7308.964285714285,1787.7062584962368,5478.0,teste
2012-10-09,0,1,0.7818314824680298,0.6234898018587336,-0.9878726596350429,0.15526624985999563,647,5478.0,4639.0,7538.0,7767.0,6378.285714285715,7235.857142857143,1828.8217258010295,6392.0,teste
2012-10-10,0,1,0.9749279121818236,-0.22252093395631434,-0.9850556718215013,0.172236243027682,648,6392.0,7572.0,7733.0,7870.0,6628.714285714285,7186.75,1663.5106165662178,7691.0,teste
2012-10-11,0,1,0.43388373911755823,-0.900968867902419,-0.981947190186646,0.18915526872004093,649,7691.0,7328.0,7393.0,7804.0,6645.714285714285,7180.357142857143,1675.3231244833091,7570.0,teste
2012-10-12,0,1,-0.433883739117558,-0.9009688679024191,-0.9785481345802031,0.20601832032517084,650,7570.0,8156.0,7415.0,8009.0,6680.285714285715,7172.0,1694.140363555664,7282.0,teste
2012-10-13,0,0,-0.9749279121818236,-0.2225209339563146,-0.9748595108374125,0.22282040779479959,651,7282.0,7965.0,8555.0,8714.0,6555.428571428572,7146.035714285715,1596.6564916665386,7109.0,teste
2012-10-14,0,0,-0.7818314824680299,0.6234898018587334,-0.9708824104813836,0.23955655912092708,652,7109.0,3510.0,6889.0,7333.0,6433.142857142857,7088.714285714285,1500.5968177774332,6639.0,teste
2012-10-15,0,1,0.0,1.0,-0.9666180104000972,0.2562218218071163,653,6639.0,5478.0,6778.0,6869.0,6880.142857142857,7063.928571428572,775.6389685438403,5875.0,teste
2012-10-16,0,1,0.7818314824680298,0.6234898018587336,-0.9620675724981452,0.27281126433401914,654,5875.0,6392.0,4639.0,4073.0,6936.857142857143,7028.428571428572,662.2545906651648,7534.0,teste
2012-10-17,0,1,0.9749279121818236,-0.22252093395631434,-0.957232443323312,0.28931997761869527,655,7534.0,7691.0,7572.0,7591.0,7100.0,7152.035714285715,646.1279543041558,7461.0,teste
2012-10-18,0,1,0.43388373911755823,-0.900968867902419,-0.9521140536681102,0.3057430764672831,656,7461.0,7570.0,7328.0,7720.0,7067.142857142857,7147.392857142857,616.2211260500701,7509.0,teste
2012-10-19,0,1,-0.433883739117558,-0.9009688679024191,-0.9467139181463862,0.3220757010206104,657,7509.0,7282.0,8156.0,8167.0,7058.428571428572,7139.857142857143,608.3052570167597,5424.0,teste
2012-10-20,0,0,-0.9749279121818236,-0.2225209339563146,-0.9410336347451197,0.3383130181923076,658,5424.0,7109.0,7965.0,8395.0,6793.0,7041.892857142857,851.3144738187394,8090.0,teste
2012-10-21,0,0,-0.7818314824680299,0.6234898018587334,-0.9350748843515574,0.3544502230989869,659,8090.0,6639.0,3510.0,7907.0,6933.142857142857,7031.0,982.6232625937665,6824.0,teste
2012-10-22,0,1,0.0,1.0,-0.9288394302558068,0.3704825404820963,660,6824.0,5875.0,5478.0,7436.0,6959.571428571428,6992.321428571428,975.8580595460049,7058.0,teste
2012-10-23,0,1,0.7818314824680298,0.6234898018587336,-0.9223291176290545,0.3864052261209853,661,7058.0,7534.0,6392.0,7538.0,7128.571428571428,6978.821428571428,851.2010841829475,7466.0,teste
2012-10-24,0,1,0.9749279121818236,-0.22252093395631434,-0.9155458729775467,0.40221356823680365,662,7466.0,7461.0,7691.0,7733.0,7118.857142857143,6976.25,846.1761890156698,7693.0,teste
2012-10-25,0,1,0.43388373911755823,-0.900968867902419,-0.9084917035725082,0.41790288888678667,663,7693.0,7509.0,7570.0,7393.0,7152.0,6974.821428571428,866.1191219071846,7359.0,teste
2012-10-26,0,1,-0.433883739117558,-0.9009688679024191,-0.9011686968561569,0.4334685453485363,664,7359.0,5424.0,7282.0,7415.0,7130.571428571428,6973.607142857143,857.6284854455097,7444.0,teste
2012-10-27,0,0,-0.9749279121818236,-0.2225209339563146,-0.8935790198239952,0.4489059314938798,665,7444.0,8090.0,7109.0,8555.0,7419.142857142857,6974.642857142857,411.5209304402531,7852.0,teste
2012-10-28,0,0,-0.7818314824680299,0.6234898018587334,-0.8857249183835637,0.4642104791518923,666,7852.0,6824.0,6639.0,6889.0,7385.142857142857,6949.535714285715,352.44878047324664,4459.0,teste
2012-10-29,0,1,0.0,1.0,-0.8776087166898392,0.4793776594606945,667,4459.0,7058.0,5875.0,6778.0,7047.285714285715,6862.75,1168.5974091884018,22.0,teste
2012-10-30,0,1,0.7818314824680298,0.6234898018587336,-0.8692328164574792,0.49440298420761813,668,22.0,7466.0,7534.0,4639.0,6042.142857142857,6621.464285714285,2900.461424703047,1096.0,teste
2012-10-31,0,1,0.9749279121818236,-0.22252093395631434,-0.8605996962501181,0.5092820071573356,669,1096.0,7693.0,7461.0,7572.0,5132.142857142857,6494.928571428572,3344.5557467109306,5566.0,teste
2012-11-01,0,1,0.43388373911755823,-0.900968867902419,-0.8517119107469189,0.5240103253675756,670,5566.0,7359.0,7509.0,7328.0,4828.285714285715,6423.285714285715,3164.918572637935,5986.0,teste
2012-11-02,0,1,-0.433883739117558,-0.9009688679024191,-0.8425720899866032,0.5385835804920232,671,5986.0,7444.0,5424.0,8156.0,4632.142857142857,6375.357142857143,3021.2232858325974,5847.0,teste
2012-11-03,0,0,-0.9749279121818236,-0.2225209339563146,-0.8331829385891785,0.5529974600700271,672,5847.0,7852.0,8090.0,7965.0,4404.0,6292.892857142857,2827.5942070954907,5138.0,teste
2012-11-04,0,0,-0.7818314824680299,0.6234898018587334,-0.8235472349556007,0.5672476988027229,673,5138.0,4459.0,6824.0,3510.0,4016.285714285714,6191.928571428572,2434.8007936506606,5107.0,teste
2012-11-05,0,1,0.0,1.0,-0.8136678304455991,0.5813300798152042,674,5107.0,22.0,7058.0,5478.0,4108.857142857143,6248.964285714285,2466.5497108695085,5259.0,teste
2012-11-06,0,1,0.7818314824680298,0.6234898018587336,-0.8035476485339116,0.5952404359043674,675,5259.0,1096.0,7466.0,6392.0,4857.0,6241.142857142857,1693.3993425454323,5686.0,teste
2012-11-07,0,1,0.9749279121818236,-0.22252093395631434,-0.7931896839451843,0.6089746507720486,676,5686.0,5566.0,7693.0,7691.0,5512.714285714285,6215.928571428572,350.7134225573121,5035.0,teste
2012-11-08,0,1,0.43388373911755823,-0.900968867902419,-0.7825970017677834,0.6225286602431057,677,5035.0,5986.0,7359.0,7570.0,5436.857142857143,6121.071428571428,392.23523068489953,5315.0,teste
2012-11-09,0,1,-0.433883739117558,-0.9009688679024191,-0.7717727365467837,0.6358984534680745,678,5315.0,5847.0,7444.0,7282.0,5341.0,6040.535714285715,308.77769781288987,5992.0,teste
2012-11-10,0,0,-0.9749279121818236,-0.2225209339563146,-0.7607200913564104,0.6490800741100398,679,5992.0,5138.0,7852.0,7109.0,5361.714285714285,5994.464285714285,350.433880727686,6536.0,teste
2012-11-11,0,0,-0.7818314824680299,0.6234898018587334,-0.7494423368521953,0.6620696215153815,680,6536.0,5107.0,4459.0,6639.0,5561.428571428572,5974.0,545.6680484026685,6852.0,teste
2012-11-12,1,0,0.0,1.0,-0.7379428103031386,0.6748632518680403,681,6852.0,5259.0,22.0,5875.0,5810.714285714285,5981.607142857143,684.4203665111024,6269.0,teste
2012-11-13,0,1,0.7818314824680298,0.6234898018587336,-0.7262249146041543,0.6874571793269664,682,6269.0,5686.0,1096.0,7534.0,5955.0,5995.678571428572,654.5349494106111,4094.0,teste
2012-11-14,0,1,0.9749279121818236,-0.22252093395631434,-0.7142921172691032,0.699847677146407,683,4094.0,5035.0,5566.0,7461.0,5727.571428571428,5872.821428571428,966.0391395008663,5495.0,teste
2012-11-15,0,1,0.43388373911755823,-0.900968867902419,-0.7021479494046978,0.7120310787787131,684,5495.0,5315.0,5986.0,7509.0,5793.285714285715,5802.607142857143,925.8865506971462,5445.0,teste
2012-11-16,0,1,-0.433883739117558,-0.9009688679024191,-0.6897960046655887,0.7240037789593305,685,5445.0,5992.0,5847.0,5424.0,5811.857142857143,5728.892857142857,915.9445813969479,5698.0,teste
2012-11-17,0,0,-0.9749279121818236,-0.2225209339563146,-0.6772399381909491,0.7357622347736527,686,5698.0,6536.0,5138.0,8090.0,5769.857142857143,5738.678571428572,913.0435237109077,5629.0,teste
2012-11-18,0,0,-0.7818314824680299,0.6234898018587334,-0.6644834655228552,0.7473029667054297,687,5629.0,6852.0,5107.0,6824.0,5640.285714285715,5650.785714285715,848.2565874163281,4669.0,teste
2012-11-19,0,1,0.0,1.0,-0.6515303615068021,0.75862255966641,688,4669.0,6269.0,5259.0,7058.0,5328.428571428572,5573.821428571428,720.1383795592673,5499.0,teste
2012-11-20,0,1,0.7818314824680298,0.6234898018587336,-0.6383844591746642,0.769717664006921,689,5499.0,4094.0,5686.0,7466.0,5218.428571428572,5518.142857142857,601.5695740152719,5634.0,teste
2012-11-21,0,1,0.9749279121818236,-0.22252093395631434,-0.6250496486104377,0.7805849965070866,690,5634.0,5495.0,5035.0,7693.0,5438.428571428572,5452.714285714285,351.3961947919265,5146.0,teste
2012-11-22,1,0,0.43388373911755823,-0.900968867902419,-0.6115298757991053,0.7912213413483807,691,5146.0,5445.0,5315.0,7359.0,5388.571428571428,5361.75,366.46730510953677,2425.0,teste
2012-11-23,0,1,-0.433883739117558,-0.9009688679024191,-0.5978291414589552,0.801623551065242,692,2425.0,5698.0,5992.0,7444.0,4957.142857142857,5185.535714285715,1174.9075748856912,3910.0,teste
2012-11-24,0,0,-0.9749279121818236,-0.2225209339563146,-0.5839514998576998,0.8117885474764613,693,3910.0,5629.0,6536.0,7852.0,4701.714285714285,5059.321428571428,1181.3395947377742,2277.0,teste
2012-11-25,0,0,-0.7818314824680299,0.6234898018587334,-0.5699010576127624,0.821713322596059,694,2277.0,4669.0,6852.0,4459.0,4222.857142857143,4860.214285714285,1401.6437289329697,2424.0,teste
2012-11-26,0,1,0.0,1.0,-0.5556819724760489,0.8313949395234058,695,2424.0,5499.0,6269.0,22.0,3902.1428571428573,4787.535714285715,1533.2139912149003,5087.0,teste
2012-11-27,0,1,0.7818314824680298,0.6234898018587336,-0.5412984521036173,0.8408305333122887,696,5087.0,5634.0,4094.0,1096.0,3843.285714285714,4968.428571428572,1468.227697405465,3959.0,teste
2012-11-28,0,1,0.9749279121818236,-0.22252093395631434,-0.5267547528105542,0.8500173118187018,697,3959.0,5146.0,5495.0,5566.0,3604.0,5070.678571428572,1247.670095284267,5260.0,teste
2012-11-29,0,1,0.43388373911755823,-0.900968867902419,-0.5120551783114646,0.8589525565270845,698,5260.0,2425.0,5445.0,5986.0,3620.285714285714,5059.75,1271.6655370399967,5323.0,teste
2012-11-30,0,1,-0.433883739117558,-0.9009688679024191,-0.4972040784469378,0.8676336233547726,699,5323.0,3910.0,5698.0,5847.0,4034.285714285714,5036.071428571428,1289.2863289801915,5668.0,teste
2012-12-01,0,0,-0.9749279121818236,-0.2225209339563146,-0.4822058478963526,0.8760579434344281,700,5668.0,2277.0,5629.0,5138.0,4285.428571428572,5029.678571428572,1425.109452772288,5191.0,teste
2012-12-02,0,0,-0.7818314824680299,0.6234898018587334,-0.46706492487743034,0.8842230238742036,701,5191.0,2424.0,4669.0,5107.0,4701.714285714285,5031.571428571428,1137.1630950579947,4649.0,teste
2012-12-03,0,1,0.0,1.0,-0.451785789832884,0.8921264484954345,702,4649.0,5087.0,5499.0,5259.0,5019.571428571428,5015.214285714285,557.7340636129868,6234.0,teste
2012-12-04,0,1,0.7818314824680298,0.6234898018587336,-0.4363729641045924,0.8997658785476209,703,6234.0,3959.0,5634.0,5686.0,5183.428571428572,5050.035714285715,724.4250265193676,6606.0,teste
2012-12-05,0,1,0.9749279121818236,-0.22252093395631434,-0.42083100859565564,0.9071390534005044,704,6606.0,5260.0,5146.0,5035.0,5561.571428571428,5082.892857142857,667.3691774779396,5729.0,teste
2012-12-06,0,1,0.43388373911755823,-0.900968867902419,-0.4051645224207563,0.9142437912130223,705,5729.0,5323.0,2425.0,5315.0,5628.571428571428,5107.678571428572,655.4837544752075,5375.0,teste
2012-12-07,0,1,-0.433883739117558,-0.9009688679024191,-0.3893781415452015,0.9210779895789526,706,5375.0,5668.0,3910.0,5992.0,5636.0,5109.821428571428,651.7274481457938,5008.0,teste
2012-12-08,0,0,-0.9749279121818236,-0.2225209339563146,-0.37347653741307074,0.9276396261490467,707,5008.0,5191.0,2277.0,6536.0,5541.714285714285,5074.678571428572,692.775027043557,5582.0,teste
2012-12-09,0,0,-0.7818314824680299,0.6234898018587334,-0.3574644155648614,0.9339267592294762,708,5582.0,4649.0,2424.0,6852.0,5597.571428571428,5040.607142857143,675.3277863730925,3228.0,teste
2012-12-10,0,1,0.0,1.0,-0.34134651424503615,0.9399375283564133,709,3228.0,6234.0,5087.0,6269.0,5394.571428571428,4911.178571428572,1092.6286128938095,5170.0,teste
2012-12-11,0,1,0.7818314824680298,0.6234898018587336,-0.3251276029999093,0.9456701548465688,710,5170.0,6606.0,3959.0,4094.0,5242.571428571428,4871.928571428572,1028.5173563829242,5501.0,teste
2012-12-12,0,1,0.9749279121818236,-0.22252093395631434,-0.30881248126625377,0.9511229423235357,711,5501.0,5729.0,5260.0,5495.0,5084.714285714285,4922.178571428572,854.4494746688497,5319.0,teste
2012-12-13,0,1,0.43388373911755823,-0.900968867902419,-0.29240597695107734,0.9562942772197719,712,5319.0,5375.0,5323.0,5445.0,5026.142857142857,4915.892857142857,816.1162965679455,5532.0,teste
2012-12-14,0,1,-0.433883739117558,-0.9009688679024191,-0.27591294500296043,0.9611826292540837,713,5532.0,5008.0,5668.0,5698.0,5048.571428571428,4919.0,829.3515252176976,5611.0,teste
2012-12-15,0,0,-0.9749279121818236,-0.2225209339563146,-0.2593382659754056,0.9657865518844574,714,5611.0,5582.0,5191.0,5629.0,5134.714285714285,4915.892857142857,855.3439297120228,5047.0,teste
2012-12-16,0,0,-0.7818314824680299,0.6234898018587334,-0.2426868445825954,0.9701046827361175,715,5047.0,3228.0,4649.0,4669.0,5058.285714285715,4895.107142857143,832.3079787125316,3786.0,teste
2012-12-17,0,1,0.0,1.0,-0.22596360824801906,0.974135744004672,716,3786.0,5170.0,6234.0,5499.0,5138.0,4863.571428571428,629.9079297801924,4585.0,teste
2012-12-18,0,1,0.7818314824680298,0.6234898018587336,-0.20917350564635637,0.9778785428342386,717,4585.0,5501.0,6606.0,5634.0,5054.428571428572,4830.928571428572,662.8976434671152,5557.0,teste
2012-12-19,0,1,0.9749279121818236,-0.22252093395631434,-0.19232150523909483,0.9813319716704275,718,5557.0,5319.0,5729.0,5146.0,5062.428571428572,4828.178571428572,669.4903178644591,5267.0,teste
2012-12-20,0,1,0.43388373911755823,-0.900968867902419,-0.17541259380427843,0.9844950085880858,719,5267.0,5532.0,5375.0,2425.0,5055.0,4832.5,666.4505483029496,4128.0,teste
2012-12-21,0,1,-0.433883739117558,-0.9009688679024191,-0.15845177496083632,0.9873667175937016,720,4128.0,5611.0,5008.0,3910.0,4854.428571428572,4893.321428571428,708.8882980044109,3623.0,teste
2012-12-22,0,0,-0.9749279121818236,-0.2225209339563146,-0.14144406768794202,0.9899462489023779,721,3623.0,5047.0,5582.0,2277.0,4570.428571428572,4883.071428571428,752.1701618523081,1749.0,teste
2012-12-23,0,0,-0.7818314824680299,0.6234898018587334,-0.12439450483979998,0.9922328391893008,722,1749.0,3786.0,3228.0,2424.0,4099.285714285715,4864.214285714285,1263.2015825256155,1787.0,teste
2012-12-24,0,1,0.0,1.0,-0.10730813165636247,0.9942258118156161,723,1787.0,4585.0,5170.0,5087.0,3813.714285714286,4841.464285714285,1541.1970146918998,920.0,teste
2012-12-25,1,0,0.7818314824680298,0.6234898018587336,-0.09019000427034513,0.9959245770286599,724,920.0,5557.0,5501.0,3959.0,3290.1428571428573,4692.642857142857,1830.8259000217552,1013.0,teste
2012-12-26,0,1,0.9749279121818236,-0.22252093395631434,-0.07304518821104743,0.9973286321364752,725,1013.0,5267.0,5319.0,5260.0,2641.0,4587.428571428572,1693.5452951328675,441.0,teste
2012-12-27,0,1,0.43388373911755823,-0.900968867902419,-0.05587875690537313,0.9984375616565666,726,441.0,4128.0,5532.0,5323.0,1951.5714285714287,4415.321428571428,1403.8943285426794,2114.0,teste
2012-12-28,0,1,-0.433883739117558,-0.9009688679024191,-0.03869579017652689,0.9992510374388481,727,2114.0,3623.0,5611.0,5668.0,1663.857142857143,4300.714285714285,1043.6794572682886,3095.0,teste
2012-12-29,0,0,-0.9749279121818236,-0.2225209339563146,-0.021501372740813793,0.999768818762748,728,3095.0,1749.0,5047.0,5191.0,1588.4285714285713,4208.821428571428,885.5980760937624,1341.0,teste
2012-12-30,0,0,-0.7818314824680299,0.6234898018587334,-0.004300592702981974,0.9999907524084426,729,1341.0,1787.0,3786.0,4649.0,1530.142857142857,4071.3214285714284,886.6943157164319,1796.0,teste
2012-12-31,0,1,0.0,1.0,0.012901459949419653,0.9999167727021953,730,1796.0,920.0,4585.0,6234.0,1531.4285714285713,3969.4285714285716,887.1352503316359,2729.0,teste
